News,True_Sentiment,Predicted_Sentiment,Confidence
"According to Gran , the company has no plans to move all production to Russia , although that is where the company is growing .",neutral,neutral,0.885731041431427
"For the last quarter of 2010 , Componenta 's net sales doubled to EUR131m from EUR76m for the same period a year earlier , while it moved to a zero pre-tax profit from a pre-tax loss of EUR7m .",positive,positive,0.9481975436210632
"In the third quarter of 2010 , net sales increased by 5.2 % to EUR 205.5 mn , and operating profit by 34.9 % to EUR 23.5 mn .",positive,positive,0.9570419788360596
Operating profit rose to EUR 13.1 mn from EUR 8.7 mn in the corresponding period in 2007 representing 7.7 % of net sales .,positive,positive,0.9524030685424805
"Operating profit totalled EUR 21.1 mn , up from EUR 18.6 mn in 2007 , representing 9.7 % of net sales .",positive,positive,0.9550248384475708
"Finnish Talentum reports its operating profit increased to EUR 20.5 mn in 2005 from EUR 9.3 mn in 2004 , and net sales totaled EUR 103.3 mn , up from EUR 96.4 mn .",positive,positive,0.9526545405387878
"Clothing retail chain Sepp+ñl+ñ 's sales increased by 8 % to EUR 155.2 mn , and operating profit rose to EUR 31.1 mn from EUR 17.1 mn in 2004 .",positive,positive,0.9535664319992065
"Consolidated net sales increased 16 % to reach EUR74 .8 m , while operating profit amounted to EUR0 .9 m compared to a loss of EUR0 .7 m in the prior year period .",positive,positive,0.9587922096252441
"Foundries division reports its sales increased by 9.7 % to EUR 63.1 mn from EUR 57.5 mn in the corresponding period in 2006 , and sales of the Machine Shop division increased by 16.4 % to EUR 41.2 mn from EUR 35.4 mn in the corresponding period in 2006 .",positive,positive,0.9518005847930908
"HELSINKI ( AFX ) - Shares closed higher , led by Nokia after it announced plans to team up with Sanyo to manufacture 3G handsets , and by Nokian Tyres after its fourth-quarter earnings report beat analysts ' expectations , dealers said .",positive,positive,0.9468708038330078
"Its board of directors will propose a dividend of EUR0 .12 per share for 2010 , up from the EUR0 .08 per share paid in 2009 .",positive,positive,0.951758623123169
"MegaFon 's subscriber base increased 16.1 % in 2009 to 50.5 million users as of December 31 , while its market share by the number of customers amounted to 24 % as of late 2009 , up from 23 % as of late 2008 , according to TeliaSonera estimates .",positive,positive,0.9560876488685608
"Net income from life insurance doubled to EUR 6.8 mn from EUR 3.2 mn , and net income from non-life insurance rose to EUR 5.2 mn from EUR 1.5 mn in the corresponding period in 2009 .",positive,positive,0.9523158073425293
Net sales increased to EUR193 .3 m from EUR179 .9 m and pretax profit rose by 34.2 % to EUR43 .1 m. ( EUR1 = USD1 .4 ),positive,positive,0.9558926224708557
"Net sales surged by 18.5 % to EUR167 .8 m. Teleste said that EUR20 .4 m , or 12.2 % , of the sales came from the acquisitions made in 2009 .",positive,positive,0.9495853781700134
Nordea Group 's operating profit increased in 2010 by 18 percent year-on-year to 3.64 billion euros and total revenue by 3 percent to 9.33 billion euros .,positive,positive,0.9569340348243713
"Operating profit for the nine-month period increased from EUR13 .6 m , while net sales increased from EUR394 .7 m , as compared to the corresponding period in 2005 .",positive,positive,0.956375241279602
"Operating profit for the three-month period increased from EUR1 .2 m , while revenue increased from EUR20 .2 m , as compared to the corresponding period in 2005 .",positive,positive,0.9568637013435364
"The company 's net profit rose 11.4 % on the year to 82.2 million euros in 2005 on sales of 686.5 million euros , 13.8 % up on the year , the company said earlier .",positive,positive,0.9585705399513245
"The Lithuanian beer market made up 14.41 million liters in January , a rise of 0.8 percent from the year-earlier figure , the Lithuanian Brewers ' Association reporting citing the results from its members .",positive,positive,0.9534754157066345
"Viking Line 's cargo revenue increased by 5.4 % to EUR 21.46 mn , and cargo volume increased by 2.4 % to 70,116 cargo units .",positive,positive,0.9567638635635376
"The fair value of the property portfolio doubled as a result of the Kapiteeli acquisition and totalled EUR 2,686.2 1,259.7 million .",positive,positive,0.9245228171348572
10 February 2011 - Finnish media company Sanoma Oyj HEL : SAA1V said yesterday its 2010 net profit almost tripled to EUR297 .3 m from EUR107 .1 m for 2009 and announced a proposal for a raised payout .,positive,positive,0.9418976306915283
"A Helsinki : ELIiV today reported EPS of EUR1 .13 for 2009 , an increase over EPS of EUR1 .12 in 2008 .",positive,positive,0.9560032486915588
"Commission income increased by 22 % to EUR 4.4 mn , and lending volume rose by 13.5 % .",positive,positive,0.9561483860015869
"In January , traffic , measured in revenue passenger kilometres RPK , went up by 3.2 % and capacity , measured in available seat kilometres ASK , rose by 12.2 % .",positive,positive,0.9588885307312012
"In January-September 2010 , Fiskars ' net profit went up by 14 % year-on-year to EUR 65.4 million and net sales to EUR 525.3 million from EUR 487.7 million .",positive,positive,0.9516132473945618
"Net income from life insurance rose to EUR 16.5 mn from EUR 14.0 mn , and net income from non-life insurance to EUR 22.6 mn from EUR 15.2 mn in 2009 .",positive,positive,0.9530863761901855
Sales have risen in other export markets .,positive,positive,0.9557326436042786
Sales increased due to growing market rates and increased operations .,positive,positive,0.9581224322319031
The agreement strengthens our long-term partnership with Nokia Siemens Networks .,positive,positive,0.9503065943717957
"The company 's order book stood at 1.5 bln euro $ 2.2 bln on September 30 , 2007 , up by 24.2 pct on the year , with international orders amounting to 365 mln euro $ 534.3 mln .",positive,positive,0.9551298022270203
"The company said that paper demand increased in all of its main markets , including of publication papers , and that it increased average paper prices by 4 percent compared with last year .",positive,positive,0.9562219381332397
"The world 's second largest stainless steel maker said net profit in the three-month period until Dec. 31 surged to euro603 million US$ 781 million , or euro3 .33 US$ 4.31 per share , from euro172 million , or euro0 .94 per share , the previous year .",positive,positive,0.9479159712791443
"Shares of Standard Chartered ( STAN ) rose 1.2 % in the FTSE 100 , while Royal Bank of Scotland ( RBS ) shares rose 2 % and Barclays shares ( BARC ) ( BCS ) were up 1.7 % .",positive,positive,0.9487479329109192
Shares of Nokia Corp. rose Thursday after the cell phone maker said its third-quarter earnings almost doubled and its share of the global handset market increased .,positive,positive,0.9504469037055969
"In its financial report , published on Friday , SEB said its net profit soared to SEK6 .745 bn in 2010 from a year-earlier SEK1 .114 bn and proposed a 50 % dividend increase to SEK1 .50 per share .",positive,positive,0.9499437808990479
"At the request of Finnish media company Alma Media 's newspapers , research manager Jari Kaivo-oja at the Finland Futures Research Centre at the Turku School of Economics has drawn up a future scenario for Finland 's national economy by using a model developed by the University of Denver .",neutral,neutral,0.8370205163955688
STOCK EXCHANGE ANNOUNCEMENT 20 July 2006 1 ( 1 ) BASWARE SHARE SUBSCRIPTIONS WITH WARRANTS AND INCREASE IN SHARE CAPITAL A total of 119 850 shares have been subscribed with BasWare Warrant Program .,neutral,positive,0.6865693926811218
"A maximum of 666,104 new shares can further be subscribed for by exercising B options under the 2004 stock option plan .",neutral,neutral,0.9215428233146667
Tiimari operates 194 stores in six countries -- including its core Finnish market -- and generated a turnover of 76.5 mln eur in 2005 .,neutral,neutral,0.9281978011131287
The acquisition will considerably increase Kemira 's sales and market position in the Russian metal industry coatings market .,positive,positive,0.9518874287605286
"In January-September 2007 , Finnlines ' net sales rose to EUR 505.4 mn from EUR 473.5 mn in the corresponding period in 2006 .",positive,positive,0.9498839974403381
"Adjusted for changes in the Group structure , the Division 's net sales increased by 1.7 % .",positive,positive,0.9578179717063904
"4 February 2011 - Finnish broadband data communication systems provider Teleste Oyj HEL : TLT1V saw its net profit jump to EUR2 .1 m for the last quarter of 2010 from EUR995 ,000 for the same period of 2009 .",positive,positive,0.945219099521637
Finnish Aktia Group 's operating profit rose to EUR 17.5 mn in the first quarter of 2010 from EUR 8.2 mn in the first quarter of 2009 .,positive,positive,0.9514082074165344
Finnish Bank of +àland 's consolidated net operating profit increased from EUR 4.8 mn in the first quarter of 2005 to EUR 6.4 mn in the first quarter of 2006 .,positive,positive,0.9561136960983276
"Finnish financial group Aktia reports operating profit of EUR 44.4 mn in January-September 2009 , up from EUR 37.3 mn in the corresponding period in 2008 .",positive,positive,0.9526955485343933
"Finnish high technology provider Vaahto Group reports net sales of EUR 41.8 mn in the accounting period September 2007 - February 2008 , an increase of 11.2 % from a year earlier .",positive,positive,0.9544606804847717
Net sales of Finnish food industry company L+ñnnen Tehtaat 's continuing operations increased by 13 % in 2008 to EUR 349.1 mn from EUR 309.6 mn in 2007 .,positive,positive,0.9548366069793701
Biohit already services many current Genesis customers and the customer base is expected to expand as a result of this agreement .,positive,positive,0.9323959946632385
"Both operating profit and turnover for the three-month period increased , respectively from EUR0 .9 m and EUR8 .3 m , as compared to the corresponding period in 2005 .",positive,positive,0.958209216594696
Circulation revenue has increased by 5 % in Finland and 4 % in Sweden in 2008 .,positive,positive,0.9540417790412903
Clothing chain Sepp+ñl+ñ 's net sales increased by 7.0 % to EUR 30.8 mn .,positive,positive,0.957904040813446
Construction volumes meanwhile grow at a rate of 10-15 percent annually .,positive,positive,0.8556315302848816
"However , Biohit estimates its total net sales will continue to grow in 2009 , and that favourable trends in net sales will lead to a profit in 2009 .",positive,positive,0.9532979130744934
"In 2009 , Fiskars ' cash flow from operating activities amounted to EUR121m , up from EUR97m in the previous year .",positive,positive,0.9535812139511108
"In Lithuania , operating profit rose to EUR 190,000 from EUR 70,000 in the corresponding period in 2005 .",positive,positive,0.9527251720428467
"In the fourth quarter of 2008 , net sales increased by 2 % to EUR 1,050.7 mn from EUR 1,027.0 mn in the fourth quarter of 2007 .",positive,positive,0.9517654180526733
"International sales rose by 59.8 % to EUR 1,244.4 mn .",positive,positive,0.9582593441009521
Net sales grew in the period to  x20ac 402 million $ 585US million from  x20ac 401 million in 2006 .,positive,positive,0.9500165581703186
Net sales increased to EUR655m in April to June 2010 from EUR438m a year earlier .,positive,positive,0.9486861228942871
"Net sales rose by 25.5 % year-on-year to EUR59 .6 m , as the number of chargers delivered went up by 41 % to 65.9 million pieces .",positive,positive,0.9563605189323425
"Net sales totaled EUR 93.6 mn , up from EUR 93.2 mn in the corresponding period in 2005 .",positive,positive,0.9533369541168213
Operating profit increased by 145.1 % to EUR 8.3 mn from EUR 3.4 mn .,positive,positive,0.9523863196372986
Operating profit margin increased from 11.2 % to 11.7 % .,positive,positive,0.9582113027572632
Operating profit rose to EUR 3.11 mn from EUR 1.22 mn in the corresponding period in 2009 .,positive,positive,0.9514827728271484
Operating profit rose to EUR 5mn from EUR 2.8 mn in the fourth quarter of 2008 .,positive,positive,0.9521843791007996
"Operating profit was EUR 24.5 mn , up from EUR 23.0 mn .",positive,positive,0.9562891721725464
"Ramirent 's net sales in the second quarterended June 30 were EURO 128.7 million about U.S. $ 163 million , a 3.3-percent increase compared with EURO 124.6 million for thesecond quarter last year .",positive,positive,0.9552369117736816
"Revenue grew by 2 percent to  x20ac 580 million $ 743 million , from  x20ac 569 million .",positive,positive,0.953300952911377
"Ruukki 's delivery volumes and selling prices showed favourable development and the company 's comparable net sales grew by 50 % year-on-year to EUR647m , CEO Sakari Tamminen said .",positive,positive,0.9588744044303894
"The company 's consolidated operating profit amounted to EUR 15.86 mn , up from EUR 4.14 mn year-on-year .",positive,positive,0.9546906352043152
The Department Store Division reported an increase in sales of 4 per cent .,positive,positive,0.949867308139801
The fair value of the company 's investment properties grew to EUR 2.803 billion at the end of March 2009 from EUR 2.691 million a year ago .,positive,positive,0.9456790089607239
"The last quarter was the best quarter of 2009 in net sales , and the operating margin rose to 12.2 % .",positive,positive,0.9590121507644653
"The major breweries increased their domestic beer sales by 4.5 per cent last year , to 256.88 million litres from 245.92 million litres in 2004 .",positive,positive,0.9498023986816406
- Operating profit rose by 26.9 % to EUR 105.8 ( 83.4 ) million .,positive,positive,0.9595321416854858
21 October 2010 - Finnish fishing tackle company Rapala VMC Corp ( HEL : RAP1V ) said today its net profit rose to EUR18 .9 m for the first nine months of 2010 from EUR15 .1 m for the same period a year earlier .,positive,positive,0.9465399384498596
"According to Finnish Metso Minerals , the value of the company 's orders has gone up to EUR 1.9 bn in 12 months .",positive,positive,0.9478166103363037
Finnish Bank of +àland reports its operating profit rose to EUR 21.3 mn in the second quarter of 2009 from EUR 6.1 mn in the corresponding period in 2008 .,positive,positive,0.9499520063400269
Finnish financial group Aktia 's operating profit for 2009 increased to EUR 47.0 mn from EUR 6.6 mn in 2008 .,positive,positive,0.9539974927902222
Finnish forest machinery manufacturer Ponsse 's net sales grew to EUR 51.3 mn in the first quarter of 2010 from EUR 37.5 mn in the corresponding period in 2009 .,positive,positive,0.9478088617324829
Finnish KCI Konecranes has raised its net sales growth estimate for 2006 from over 25 % to over 35 % .,positive,positive,0.9540956020355225
"According to HKScan Finland , the plan is to increase J+ñrvi-Suomen Portti 's net sales to EUR 80mn to EUR 100mn .",positive,positive,0.9491135478019714
"Advertising and circulation revenues grew by 3.4 % and by 0.4 % , respectively .",positive,positive,0.9574837684631348
"At the end of March 2007 , the group 's order book was at EUR 39.6 mn , up 42 % from the corresponding period in 2006 .",positive,positive,0.9569885730743408
"At the same time profit of the company increased by 10 % in H1 and reached Ls 79,000 .",positive,positive,0.9566065073013306
"Both operating profit and net sales for the 12-month period increased , respectively from EUR10 .5 m and EUR28 .8 m , as compared to the financial year 2004 .",positive,positive,0.9577293992042542
"Both operating profit and net sales for the 12-month period increased , respectively from EUR20 .8 m and EUR177 .7 m , as compared to the financial year 2004 .",positive,positive,0.9577295780181885
"Both operating profit and net sales for the 12-month period increased , respectively from EUR21 .5 m and EUR196 .1 m , as compared to 2005 .",positive,positive,0.9576215744018555
"Both operating profit and net sales for the 12-month period increased , respectively from EUR4 .7 m and EUR26 .7 m , as compared to 2004 .",positive,positive,0.9573447704315186
"Both operating profit and net sales for the nine-month period increased , respectively by 26.6 % and 3.4 % , as compared to the corresponding period in 2006 .",positive,positive,0.959672749042511
"Both operating profit and net sales for the six-month period increased , respectively , from EUR13 .8 m and EUR143 .6 m , as compared to the corresponding period in 2007 .",positive,positive,0.9584378004074097
"Both operating profit and net sales for the six-month period increased , respectively from EUR0 .4 m and EUR3 .2 m , as compared to the corresponding period in 2005 .",positive,positive,0.9584648609161377
"Both operating profit and net sales for the six-month period increased , respectively from EUR18 .1 m and EUR127 .6 m , as compared to the corresponding period in 2006 .",positive,positive,0.9580706357955933
"Both operating profit and net sales for the six-month period increased , respectively from EUR7 .5 m and EUR655 .5 m , as compared to the corresponding period in 2005 .",positive,positive,0.9581965208053589
"Both operating profit and net sales for the three-month period increased , respectively from EUR15 .1 m and EUR131 .5 m , as compared to the corresponding period in 2005 .",positive,positive,0.9585912227630615
"Both operating profit and net sales for the three-month period increased , respectively from EUR16 .0 m and EUR139m , as compared to the corresponding quarter in 2006 .",positive,positive,0.958268404006958
"Both operating profit and sales for the three-month period increased , respectively from EUR0 .3 m and EUR13 .1 m , as compared to the corresponding period in 2005 .",positive,positive,0.9585778713226318
"Both operating profit and turnover for the nine-month period increased , respectively from EUR2 .4 m and EUR43 .8 m , as compared to the corresponding period a year ago .",positive,positive,0.957273542881012
"Both operating profit and turnover for the six-month period increased , respectively , from EUR17 .6 m and EUR1149 .9 m , as compared to the corresponding period in 2007 .",positive,positive,0.9579417705535889
"Both operating profit and turnover for the six-month period increased , respectively from EUR0 .1 m and EUR29 .0 m , as compared to the corresponding period a year ago .",positive,positive,0.9572929739952087
Cargo volume increased by approximately 5 % .,positive,positive,0.9573051929473877
"comparable operating profit totaled EUR 854mn , up from EUR 730mn in 2004 .",positive,positive,0.9540627002716064
"Digia said its consolidated net sales for January-June 2010 were EUR67 .8 m , up 9.7 % on the same period in 2009 ( EUR61 .9 m ) .",positive,positive,0.9580204486846924
Diluted earnings per share ( EPS ) rose to EUR 0.29 from EUR 0.05 .,positive,positive,0.954177737236023
Diluted earnings per share ( EPS ) rose to EUR 0.52 versus EUR 0.09 .,positive,positive,0.9586362838745117
Diluted earnings per share ( EPS ) rose to EUR 1.05 from EUR 0.64 .,positive,positive,0.9543623328208923
Diluted earnings per share ( EPS ) rose to EUR 3.68 from EUR 0.50 .,positive,positive,0.9543044567108154
Diluted EPS rose to EUR3 .68 from EUR0 .50 .,positive,positive,0.9523400068283081
EBIT margin was up from 1.4 % to 5.1 % .,positive,positive,0.9562000036239624
"EPS from continuing operations came in at 0.30 eur , up from 0.17 .",positive,positive,0.9540409445762634
"Equity ratio was 60.9 % compared to 54.2 % In the third quarter of 2007 , net sales of the Frozen Foods Business totaled EUR 11.0 , up by about 5 % from the third quarter of 2006 .",positive,positive,0.957751452922821
"EUR928 ,000 in Q1 2010 6 May 2010 - Finnish textile and clothing design company Marimekko Oyj ( HEL : MMO1V ) said today its net profit rose to EUR928 ,000 in the first quarter of 2010 from EUR13 ,000 in the corresponding period a year earlier .",positive,positive,0.9479404091835022
"Finland-based Elcoteq SE , a privately held provider of electronics manufacturing services to communications companies , said Thursday it signed a long-term manufacturing supply deal with communications equipment company Andrew Corp. .",positive,positive,0.9422019720077515
Finnish cutlery and hand tools maker Fiskars Oyj Abp ( HEL : FISAS ) said today its net profit rose to EUR 24.1 million ( USD 33.6 m ) in the third quarter of 2010 from EUR 17.9 million a year earlier .,positive,positive,0.949716329574585
Finnish department store chain Stockmann Oyj Abp net profit rose to 39.8 mln euro ( $ 56.8 mln ) for the first nine months of 2007 from 37.4 mln euro ( $ 53.4 mln ) for the same period of 2006 .,positive,positive,0.9525766372680664
"Finnish lifting equipment maker Konecranes Oyj said on July 30 , 2008 that its net profit rose to 71.2 mln euro ( $ 111.1 mln ) for the first half of 2008 from 57.1 mln euro ( $ 89.1 mln ) for the same period of 2007 .",positive,positive,0.9513660073280334
Finnish metal industry solutions supplier Outotec Oyj net profit rose to 50.4 mln euro ( $ 72.5 mln ) for the first nine months of 2007 from 20.1 mln euro ( $ 28.9 mln ) for the same period of 2006 .,positive,positive,0.9534717202186584
Finnish metal products company Componenta Oyj net profit rose to 26.1 mln euro ( $ 35.9 mln ) for the first quarter of 2007 from 5.3 mln euro ( $ 7.3 mln ) for the same period of 2006 .,positive,positive,0.9518585801124573
Finnish office supplies and computer accessories dealer Beltton-Group Plc said its net profit rose to 1.3 mln euro ( $ 1.7 mln ) in 2006 from 1.13 mln euro ( $ 1.5 mln ) in 2005 .,positive,positive,0.9485191106796265
"Finnish security and privacy software solutions developer Stonesoft Oyj said on January 7 , 2008 that the preliminary sales of its StoneGate products grew by 59 pct year-on-year to 3.6 mln euro ( $ 5.3 mln ) for the fourth quarter of 2007 .",positive,positive,0.952360987663269
"Finnish silicon wafer technology company Okmetic Oyj ( OMX Helsinki : OKM1V ) reported on Thursday ( 7 August ) an operating profit of EUR5 .3 m for the period January-June 2008 , up from EUR3 .3 m in the corresponding period in 2007 .",positive,positive,0.9541842937469482
Finnish software developer Done Solutions Oyj said its net profit increased to 3.5 mln euro ( $ 4.6 mln ) in 2006 from 2.3 mln euro ( $ 3.0 mln ) in 2005 .,positive,positive,0.952100396156311
First quarter underlying operating profit rose to 41 mln eur from 33 mln a year earlier .,positive,positive,0.9523996114730835
"For the first nine months of 2010 , the company 's net profit rose to EUR41m from EUR30m for the corresponding period of 2009 .",positive,positive,0.9487900733947754
"HELSINKI ( AFX ) - Retail and wholesale group Kesko reported net sales of 659.4 mln eur for February , an increase of 10.8 pct year-on-year .",positive,positive,0.9557422399520874
"However , net sales in 2010 are seen to have grown to EUR598 .3 m from EUR582 .3 m in 2009 .",positive,positive,0.9473201632499695
"However , sales returned to growth in April-June 2010 , CEO Pekka Eloholma said .",positive,positive,0.9575730562210083
"Ragutis , which is controlled by the Finnish brewery , reported a 5.4-per-cent rise in beer sales to 10.44 million litres and held an 11.09-per-cent market share .",positive,positive,0.9484376907348633
"Svyturys-Utenos Alus , which is controlled by the Nordic group Baltic Beverages Holding ( BBH ) , posted a 4.7-per-cent growth in beer sales for January-May to 46.22 million litres .",positive,positive,0.952388346195221
"In December alone , the members of the Lithuanian Brewers ' Association sold a total of 20.3 million liters of beer , an increase of 1.9 percent from the sales of 19.92 million liters in December 2004 .",positive,positive,0.9523764252662659
"In January-September 2009 , the Group 's net interest income increased to EUR 112.4 mn from EUR 74.3 mn in January-September 2008 .",positive,positive,0.9477782249450684
"In Q1 of 2010 , Bank of +àland 's net interest income increased from EUR 9.1 mn to EUR 9.7 mn .",positive,positive,0.9518630504608154
"In Sweden , operating profit for the period under review totaled EUR 3.4 mn , up 30.8 % from the corresponding period in 2005 .",positive,positive,0.9582543969154358
"In the fourth quarter of 2009 , Orion 's net profit went up by 33.8 % year-on-year to EUR33m .",positive,positive,0.9568543434143066
"In the second quarter of 2010 , the group 's net profit rose to EUR 3.1 million from EUR 2.5 million in April-June 2009 .",positive,positive,0.9493649005889893
"In the second quarter of 2010 , the group 's net profit rose to EUR3 .1 m from EUR2 .5 m in April-June 2009 .",positive,positive,0.948625385761261
"In the third quarter , net sales increased by 12 % year-on-year to EUR 159.5 million , or by 6 % at comparable currency rates growth .",positive,positive,0.9567172527313232
"In the third quarter , net sales increased by 12 % year-on-year to EUR159 .5 m , or by 6 % at comparable currency rates growth .",positive,positive,0.9567611217498779
Its market share widened to 48.51 percent from 48.31 percent a year earlier .,positive,positive,0.9493117928504944
"Kesko Agro Eesti , the retailer and wholesaler of grain , agricultural and warehousing machinery and accessories , had net sales of 81 million euros in 2007 , an increase by one-tenth over the preceding year .",positive,positive,0.9562360048294067
"Kesko 's car import and retailing business , VV-Auto , saw sales grow by 17.1 pct .",positive,positive,0.9539071321487427
Kone 's net sales rose by some 14 % year-on-year in the first nine months of 2008 .,positive,positive,0.9578078985214233
"( ADP News ) - Feb 11 , 2009 - Finnish management software solutions provider Ixonos Oyj ( HEL : XNS1V ) said today its net profit rose to EUR 3.5 million ( USD 4.5 m ) for 2008 from EUR 3.1 million for 2007 .",positive,positive,0.9502207636833191
"( ADP News ) - Feb 12 , 2009 - Finnish IT solutions provider Affecto Oyj ( HEL : AFE1V ) said today its net profit rose to EUR 8.5 million ( USD 11m ) in 2008 from EUR 7 million in 2007 .",positive,positive,0.9484496116638184
"( ADP News ) - Feb 6 , 2009 - Finnish fishing tackle company Rapala VMC Corp ( HEL : RAP1V ) said today its net profit rose to EUR 19.2 million ( USD 24.6 m ) for 2008 from EUR 17.5 million for 2007 .",positive,positive,0.949411928653717
"( ADP News ) - Nov 5 , 2008 - Finnish electronic measurement products and solutions maker Vaisala Oyj ( OMX : VAIAS ) said today that its net profit rose to EUR 18 million ( USD 23.1 m ) for the first nine months of 2008 from EUR 1",positive,positive,0.9506598114967346
"( ADP News ) - Oct 29 , 2008 - Finnish lifting equipment maker Konecranes Oyj ( OMX : KCR1V ) said today that its net profit rose to EUR 116.6 million ( USD 149.1 m ) in the first nine months of 2008 from EUR 73.6 million for the s",positive,positive,0.9497696757316589
"Metso expects its net sales to increase by about 10 % in 2008 , at comparable exchange rates .",positive,positive,0.9510610103607178
Net interest income increased by 4.5 % to EUR 31.4 mn from EUR 30.0 mn in 2004 .,positive,positive,0.9520435333251953
"Net interest income was EUR 152.2 mn , up from EUR 101.0 mn in 2008 .",positive,positive,0.9561225175857544
"Net interest income was EUR 39.3 mn , up from EUR 32.7 mn .",positive,positive,0.9556911587715149
Net sales of the Vegetable Oil Business rose to EUR 10.6 mn from EUR 10.1 mn .,positive,positive,0.9527337551116943
"Nokia Multimedia 's net sales totaled EUR 5.7 bn , up 45 % from the corresponding period in 2005 .",positive,positive,0.9581008553504944
Operating income rose to EUR 696.4 mn from EUR 600.3 mn in 2009 .,positive,positive,0.9520370364189148
"Operating profit of Kauppalehti group rose to EUR 1.5 mn from EUR 1.3 mn , and that of Marketplaces to EUR 1.3 mn from EUR 1.0 mn in the third quarter of 2006 .",positive,positive,0.950566291809082
Operating profit rose from EUR 1.94 mn to EUR 2.45 mn .,positive,positive,0.9571792483329773
Operating profit rose to 22.1 mln eur from 19.9 mln .,positive,positive,0.9530327916145325
Operating profit rose to EUR 1.6 mn from EUR 1.1 mn in the corresponding period in 2006 .,positive,positive,0.9512874484062195
Operating profit rose to EUR 103.4 mn from EUR 23.2 in the corresponding period in 2006 .,positive,positive,0.9514315128326416
Operating profit rose to EUR 13.5 mn from EUR 9.7 mn in the corresponding period in 2006 .,positive,positive,0.9511398077011108
Operating profit rose to EUR 26.7 mn from EUR 14.9 mn in the corresponding period in 2006 .,positive,positive,0.9508541226387024
Operating profit rose to EUR 27.8 mn from EUR 17.5 mn in 2008 .,positive,positive,0.9522541761398315
Operating profit rose to EUR 3.2 mn from EUR 1.0 mn in the corresponding period in 2008 .,positive,positive,0.951726496219635
Operating profit rose to EUR 4.7 mn from EUR 3.6 mn .,positive,positive,0.953498363494873
Operating profit rose to EUR 4.7 mn from EUR 4.6 mn .,positive,positive,0.9536495208740234
Operating profit rose to EUR 9.2 mn from EUR 6.8 mn in the corresponding period in 2007 .,positive,positive,0.9513079524040222
Operating profit rose to EUR2 .4 m from EUR1 .6 m year earlier .,positive,positive,0.952256977558136
"Operating profit surged to EUR21m from EUR106 ,000 .",positive,positive,0.9529812335968018
"Operating profit totaled EUR 37,7 mn , up slightly from EUR 37.2 mn in the corresponding period in 2006 .",positive,positive,0.9541443586349487
"Operating profit totaled EUR 5.5 mn , up from EUR -0.7 mn .",positive,positive,0.955996036529541
"Operating profit was EUR 11.4 mn , up from EUR 7.5 mn .",positive,positive,0.9562947750091553
"Operating profit was EUR 139.7 mn , up 23 % from EUR 113.8 mn .",positive,positive,0.9558320045471191
"Order intake grew by 40 % year-on-year and 30 % year-on-year , respectively , to EUR 576 million and EUR 1.7 billion for the respective January-September and July-September 2010 periods .",positive,positive,0.9570190906524658
Orders received grew by 55 % year-on-year to EUR732m .,positive,positive,0.9581961631774902
Orion Pharma 's operating profit increased by 42.5 % from 2004 .,positive,positive,0.9583193063735962
Passenger volumes rose by 8.4 % in the accounting period .,positive,positive,0.9549556970596313
Passenger-related revenue rose by 5.1 % to EUR 460.8 mn from EUR 438.5 mn in 2009 .,positive,positive,0.9541937112808228
Pretax profit rose to EUR 0.6 mn from EUR 0.4 mn in the corresponding period in 2005 .,positive,positive,0.9519789218902588
"Pretax profit rose to EUR 1,019 mn from EUR 1,007 in the corresponding period in 2005 .",positive,positive,0.9532347917556763
Pretax profit rose to EUR 17.8 mn from EUR 14.9 mn in 2005 .,positive,positive,0.9524388313293457
"Pre-tax profit totaled EUR 397.4 mn , up from EUR 164.7 mn .",positive,positive,0.9545613527297974
"Profit for the period totaled EUR 39.4 mn , up from EUR 33.9 mn in the corresponding period in 2006 .",positive,positive,0.9546872973442078
"Profit for the period was EUR 5.9 mn , up from EUR 1.3 mn .",positive,positive,0.9558490514755249
"Profit for the period was EUR 9.8 mn , up from EUR 6.0 mn in 2004 .",positive,positive,0.9554272294044495
Revenue grew 12 percent to (  x20ac ) 3.6 billion ( US$ 4.5 billion ) .,positive,positive,0.9568999409675598
"Revenue in July to September grew 14 percent to ( EURO ) 467 million from a year earlier , the company said Thursday .",positive,positive,0.9556383490562439
Revenues at the same time grew 14 percent to 43 million euros .,positive,positive,0.9477670192718506
"Sales in Latin America increased by 42 % to EUR 432mn , and a total of 8.7 mn mobile devices were sold in the area , representing an increase of 32 % from the corresponding period in 2009 .",positive,positive,0.9538990259170532
Sanoma Magazines Finland 's net sales grew to EUR 140.1 mn from EUR 131.8 mn .,positive,positive,0.9511132836341858
"Satama 's net profit for the third quarter of 2007 rose to 275,000 euro ( $ 395,000 ) from 270,000 euro ( $ 388,000 ) for the same period of 2006 .",positive,positive,0.9527983069419861
"Section : Regional News - The demand in Finnair 's Asian traffic , measured in passenger kilometers , was up 34.9 % in August compare to last year .",positive,positive,0.9575633406639099
"Svyturys-Utenos Alus , which is controlled by the Nordic group Baltic Beverages Holding ( BBH ) , posted a 6.1 percent growth in beer sales for January-September to 101.99 million liters .",positive,positive,0.9518836736679077
That would be an increase from estimated sales of 117 million last year .,positive,positive,0.9508130550384521
"The chain posted sales of 298 million euros for full 2005 , a rise of 19.5 percent , year-on-year .",positive,positive,0.9524669647216797
The company expects its net sales in 2008 to increase 5-10 % from 2007 .,positive,positive,0.9542987942695618
"The company 's operating income ( EBIT ) totalled EUR 0.0 mn , up from EUR -0.3 mn year-on-year .",positive,positive,0.9544079303741455
The EPS outlook was increased by 5.6 pct for 2007 and 7.0 pct for 2008 .,positive,positive,0.9502228498458862
"The fair value of the investment properties totaled EUR 2,534.9 mn , up from EUR 2,455.1 mn in 2006 .",positive,positive,0.9531696438789368
"The Finnish government announced Wednesday that it sold a 32 percent stake in chemicals and fertilizer group Kemira Oyj for (  x20ac ) 655.6 million ( $ 890US million ) , sending the company 's share price up 6 percent .",positive,positive,0.9441310167312622
"The Helsinki-based company , which also owns the Salomon , Atomic and Suunto brands , said net profit rose 15 percent in the three months through Dec. 31 to (  x20ac ) 47 million ( $ 61US million ) , from (  x20ac ) 40.8 million a year earlier .",positive,positive,0.9572573304176331
The operating profit for Grain Trading increased to EUR 2.0 mn from EUR 1.4 mn in 2005 .,positive,positive,0.9531303644180298
The stock rose for a second day on Wednesday bringing its two-day rise to GBX12 .0 or 2.0 % .,positive,positive,0.9467967748641968
The stock rose for a third day on Tuesday bringing its three-day rise to GBX10 .50 or 1.8 % .,positive,positive,0.9471308588981628
The transactions would increase earnings per share in the first quarter by some EUR0 .28 .,positive,positive,0.9538818597793579
Total operating revenue grew by 27.6 % year-on-year to EUR61m .,positive,positive,0.9574987292289734
Vacon 's cash flow from operations grew to EUR 37.1 mn from EUR 21.9 mn a year ago .,positive,positive,0.9496396780014038
"`` BasWare 's product sales grew strongly in the financial period , by 24 percent .",positive,positive,0.9576294422149658
1 February 2011 - Finnish textile and clothing company Marimekko Oyj HEL : MMO1V said today its preliminary operating profit grew to EUR8 .2 m in 2010 from EUR6 .3 m in 2009 .,positive,positive,0.9425209760665894
Affecto expects its net sales for the whole 2010 to increase from the 2009 level when they reached EUR 103 million .,positive,positive,0.9527636766433716
Cash flow from operations rose to EUR 52.7 mn from EUR 15.6 mn in 2007 .,positive,positive,0.9517326951026917
Commission income rose by 25.7 % to EUR 16.1 mn from EUR 12.8 mn in 2004 .,positive,positive,0.9529046416282654
"Earnings per share for January-June 2010 were EUR0 .30 , an increase of 20 % year-on-year EUR0 .25 .",positive,positive,0.9564048647880554
Earnings per share EPS rose to EUR 0.11 from EUR 0.03 .,positive,positive,0.9541828632354736
"Elisa said mobile subscriptions grew 7 percent during 2007 , mainly because of customers adopting so-called third generation mobile technology .",positive,positive,0.9097486138343811
"EPS for the quarter came in at 0.36 eur , up from 0.33 eur a year ago and ahead of forecast of 0.33 eur .",positive,positive,0.9525002837181091
EPS grew to 0.04 eur from 0.02 eur .,positive,positive,0.952499508857727
Exports grew 16.5 percent to 19.1 million liters .,positive,positive,0.9526435732841492
"Finnish investment group Panostaja Oyj said its net profit went up to 8.6 mln euro $ 11.4 mln in fiscal 2005-06 , ended October 31 , 2006 , from 2.8 mln euro $ 3.7 mln in the same period of fiscal 2004-05 .",positive,positive,0.9513264298439026
Finnish metal components supplier Componenta Oyj said its net profit went up to 3.5 mln euro $ 4.5 mln in 2006 from 2.2 mln euro $ 2.8 mln in 2005 .,positive,positive,0.9487338662147522
"Finnish silicon wafer technology company Okmetic Oyj OMX Helsinki : OKM1V reported on Thursday 30 October an operating profit of EUR7 .4 m for January-September 2008 , up from EUR6 .1 m in the corresponding period in 2007 .",positive,positive,0.9541347026824951
"Fiskars Brands report net sales of EUR 145.8 mn , up from EUR 138.4 mn .",positive,positive,0.9538794755935669
"However , the proportion of the paid standing orders grew in 2009 .",positive,positive,0.9541093707084656
"In January-September 2007 , the group 's net sales from continuing operations rose to EUR 213.1 mn from EUR 172.6 mn in the corresponding period in 2006 .",positive,positive,0.9473865628242493
"In July-September 2008 , YIT 's net sales increased to EUR 970.8 mn , compared to EUR 906.8 mn in the corresponding period in 2007 .",positive,positive,0.9492195248603821
"In the reporting period , net sales rose by 8 % year-on-year to EUR64 .3 m , due to the business acquisitions realized during the first half of 2008-09 , the effect of which was EUR10 .9 m in the review period .",positive,positive,0.9573681354522705
"In the reporting period , the company 's operating profit grew by 43.2 % to EUR 6 million .",positive,positive,0.955447256565094
Last year 's net sales rose to EUR 68.3 million from EUR 62.2 million .,positive,positive,0.9495242238044739
"Last year the company raised its turnover to approximately 7 million litas EUR 2 mln , from 6.1 million litas in 2004 .",positive,positive,0.9482986330986023
Marimekko Group 's full-year net sales are estimated to increase by about 10 % .,positive,positive,0.952095627784729
Net sales surged by 30 % to EUR 36 million .,positive,positive,0.9565695524215698
"Nevertheless , its market share rose to 49.14 percent from 48.51 percent a year earlier .",positive,positive,0.9522169828414917
"October-December sales were 302 mln eur , or a 25.3 pct increase year on year .",positive,positive,0.9456830024719238
"Olvi , which controls a 94 percent stake in Ragutis through A. Le Coq , said in its annual report published earlier this year that the Lithuanian brewery 's sales reached 15.04 million euros last year , a rise of 20.4 percent from 12.49 million euros in 2004 .",positive,positive,0.9520832300186157
Olvi expects sales and market share to increase in the first quarter of 2010 .,positive,positive,0.9529233574867249
Operating profit increased to EUR 14.0 mn from EUR 4.9 mn in the corresponding period in 2005 .,positive,positive,0.9504677653312683
Operating profit of the Asian plants grew markedly .,positive,positive,0.9612429738044739
"Operating profit totaled EUR 825mn , up from EUR 763mn in 2004 .",positive,positive,0.953841507434845
"Operating profit totalled EUR 83.0 mn , up from EUR 23.5 mn year-on-year .",positive,positive,0.9554136991500854
Production capacity will increase from 36 000 to 85 000 tonnes per year and the raw material will continue to be recycled paper and board .,positive,positive,0.9102773070335388
Profit for the period increased from EUR 2.9 mn to EUR 10.5 mn .,positive,positive,0.9552606344223022
"Profit per share was EUR 1.03 , up from EUR 0.87 .",positive,positive,0.9536634683609009
Return on capital employed rose by 4.8 percentage points to 19.6 % .,positive,positive,0.9538676738739014
"Revenue from July to September grew 21 percent to EURO 2.3 billion , the Finnish company said Thursday .",positive,positive,0.9518146514892578
Revenue grew 1 percent to euro742 .2 million US$ 964 million from euro735 million .,positive,positive,0.9528653025627136
Ruukki 's order book at the end of 2010 was 30 % up year-on-year and 10 % up quarter-on-quarter .,positive,positive,0.9548312425613403
Sales in Finland rose by 3.9 % and international growth was 0.7 % .,positive,positive,0.9584312438964844
Sales of security and system packaging increased slightly .,positive,positive,0.9569180607795715
Stora Enso 's third-quarter pre-tax profit doubled to EUR 197mn .,positive,positive,0.9564406275749207
The company 's market share is continued to increase further .,positive,positive,0.9521722197532654
"The company 's scheduled traffic , measured in revenue passenger kilometres RPK , grew by just over 2 % and nearly 3 % more passengers were carried on scheduled flights than in February 2009 .",positive,positive,0.9546371102333069
"The disposal of Autotank will also strengthen Aspo 's capital structure , '' commented Gustav Nyberg , CEO of Aspo .",positive,positive,0.9466544389724731
"The earnings per share for the quarter came in at 0.25 eur , up from the 0.20 eur of the same quarter a year earlier .",positive,positive,0.9546622037887573
The economic occupancy rate of Sponda 's property portfolio rose to 91.2 % from 88.8 % in 2006 .,positive,positive,0.9557426571846008
The group 's 12-month operating profit grew 31 percent to 337.8 million euros .,positive,positive,0.9576616883277893
The growth of net sales in the first half of 2008 has been 28 % compared with the first half of 2007 .,positive,positive,0.9285363554954529
The pretax profit of the group 's life insurance business increased to EUR 36 million from EUR 27 million .,positive,positive,0.9507561326026917
The pretax profit of the group 's life insurance business increased to EUR36m from EUR27m .,positive,positive,0.951855480670929
"The total delivery volume of paper businesses in 2010 was 1,155,000 tonnes , up from 1,132,000 tonnes in 2009 .",positive,positive,0.9495307803153992
The value of the firm 's forestry holdings increased by SEK 3.6 bn .,positive,positive,0.9493355751037598
Turnover rose to EUR21m from EUR17m .,positive,positive,0.9509617686271667
Finnish Talvivaara Mining Co HEL : TLV1V said Thursday it had picked BofA Merrill Lynch and JPMorgan NYSE : JPM as joint bookrunners of its planned issue of convertible notes worth up to EUR250m USD332m .,neutral,positive,0.7192297577857971
"The mall is part of the Baltic Pearl development project in the city of St Petersburg , where Baltic Pearl CJSC , a subsidiary of Shanghai Foreign Joint Investment Company , is developing homes for 35,000 people .",neutral,neutral,0.8445179462432861
Vacon controls a further 5 % of the company via investment fund Power Fund I. EUR 1.0 = USD 1.397,neutral,neutral,0.9308100342750549
4 ) Complete name of the shareholder : Otto Henrik Bernhard Nyberg 5 ) Further information : The amount of shares now transferred corresponds to 5.68 % of the total number of shares in Aspo Plc. .,neutral,neutral,0.9524661898612976
"A data processing unit collects the data , calculates RVR values and provides the data to users via various interfaces .",neutral,neutral,0.9490532875061035
"German Commerzbank AG 's Hamburg Branch and US JP Morgan ( NYSE : JPM ) participated as arrangers , and Dutch ING ( AMS : INGA ) as co-arranger .",neutral,neutral,0.9426836371421814
Increase in the number of shares is based on the option rights which were granted to the management of the company under the stock option plan 2006 .,neutral,neutral,0.9097198843955994
It has some 30 offices worldwide and more than 90 pct of its net sales are generated outside Finland .,neutral,neutral,0.9333365559577942
It has80 branches in Finland with annual revenue in Finland of ?,neutral,neutral,0.9205191135406494
Nokia Messaging 1.1 enables customers to receive e-mails from up to 10 e-mail accounts on their mobile phone supporting all POP or IMAP e-mail services .,neutral,neutral,0.8889632225036621
SHARE REPURCHASE 11.01.2008 In the Helsinki Stock Exchange On behalf of Sampo plc Danske Bank A-S Helsinki Branch,neutral,neutral,0.9540613293647766
"The contract value amounts to about EUR11m , the company added .",neutral,neutral,0.9222539663314819
Aldata said that there are still a number of operational aspects to be defined between it and Microsoft and further details of the product and market initiatives resulting from this agreement will be available at a later date .,neutral,neutral,0.8965829014778137
"ALEXANDRIA , Va. , May 16 -- Kenneth Bower of Vista , Calif. , has developed an ornamental design for a handset , the U.S. Patent & Trademark Office announced .",neutral,neutral,0.8746275305747986
"Biohit Oyj develops , manufactures and markets liquid handling products and diagnostic test systems for use in research , healthcare and industrial laboratories .",neutral,neutral,0.9221022129058838
"Mr Ashley , deputy executive chairman of Sports Direct , sold a 43pc stake in the company for more than pounds 900m at the time of the float .",neutral,neutral,0.947471559047699
Rental of building equipment accounted for 88 percent of the operating income .,neutral,neutral,0.9331250190734863
"Ruukki 's delivery includes steel structures , including installation , for Krakeroy bascule bridge and steel piles for the bridge foundations .",neutral,neutral,0.8991951942443848
Stockmann was established in 1862 in Finland and it became the first foreign company to enter Russia 's retail trade market in 1989 .,neutral,neutral,0.7171025276184082
"The broad-based WIG index ended Thursday 's session 0.1 pct up at 65,003.34 pts , while the blue-chip WIG20 was 1.13 down at 3,687.15 pts .",neutral,negative,0.9408617615699768
The business to be divested generates consolidated net sales of EUR 60 million annually and currently has some 640 employees .,neutral,neutral,0.9334280490875244
"The company generates net sales of about 600 mln euro $ 775.5 mln annually and employs 6,000 .",neutral,neutral,0.9404147863388062
"The contract covers the manufacturing , surface-treatment and installation of the steel structures .",neutral,neutral,0.9388769268989563
The order also includes start-up and commissioning services .,neutral,neutral,0.9180563688278198
The phones are targeted at first time users in growth markets .,neutral,neutral,0.8293391466140747
Tielinja generated net sales of 7.5 mln euro $ 9.6 mln in 2005 .,neutral,neutral,0.9272414445877075
"Tikkurila Powder Coatings has some 50 employees at its four paint plants , which generated revenues of EUR2 .4 m USD3 .3 m in 2010 .",neutral,neutral,0.93380206823349
"Under the rental agreement , Stockmann was committed to invest in the building of a bridge over the Gogol Street or build an underground tunnel for crossing the street by 2004 .",neutral,neutral,0.7234493494033813
VNH generates annual net sales of about 5 mln eur and employs 21 people .,neutral,neutral,0.9459455013275146
"Jan. 6 -- Ford is struggling in the face of slowing truck and SUV sales and a surfeit of up-to-date , gotta-have cars .",negative,negative,0.9684696197509766
Pharmaceuticals group Orion Corp reported a fall in its third-quarter earnings that were hit by larger expenditures on R&D and marketing .,negative,negative,0.975307285785675
"However , the growth margin slowed down due to the financial crisis .",negative,negative,0.9610522389411926
"HELSINKI ( AFX ) - Nokian Tyres reported a fourth quarter pretax profit of 61.5 mln eur , up from 48.6 mln on the back of strong sales .",positive,positive,0.9535892009735107
"Kalnapilio-Tauro Grupe ( Kalnapilis-Tauras Group ) , which is owned by Denmark 's Royal Unibrew , raised its market share to 25.18 percent from 23.74 percent , as beer sales for the seven months jumped by 14.5 percent to 40.5 million liters .",positive,positive,0.9543936848640442
The company now estimates its net sales in 2010 to increase considerably from 2009 and its operating result to be clearly positive .,positive,positive,0.9530561566352844
"Uponor made an operating profit of EUR 151.0 mn , up from EUR 143.7 mn , which made 2007 a record year .",positive,positive,0.9538570642471313
"Basware Corporation stock exchange release August 31 , 2010 at 16:25 Basware signed a large deal with an international industrial group Basware will deliver Invoice Automation solution and Connectivity Services to an international industrial group .",positive,positive,0.9291064739227295
It estimates the operating profit to further improve from the third quarter .,positive,positive,0.9565441608428955
Ruukki forecast a 15-20 % annual sales growth and a positive pretax result for 2010 .,positive,positive,0.9547514915466309
Sales rose 10 pct to 566 mln eur on the back of strong volume and favourable currency effects .,positive,positive,0.9538790583610535
The growth of net sales has continued favourably in the Middle East and Africaand in Asia Pacific .,positive,positive,0.9541807770729065
With this appointment Kaupthing Bank aims to further co-ordinate Capital Markets activities within the Group and to improve the overall service to clients .,positive,positive,0.8932123184204102
"Following this increase Huhtamaki 's registered share capital is EUR360 .62 m and the number of shares outstanding is 106,063,320 .",neutral,neutral,0.8520932197570801
"Helsinki on October 22 , 2008 SSH COMMUNICATIONS SECURITY CORP Board of Directors For further information , please contact : Tomi Laamanen , Chairman , tel. +358 0 400 609 544 Distribution : NASDAQ OMX Helsinki Ltd. .",neutral,neutral,0.9552921652793884
"The offer of some 30 million shares aimed to raise more than  x20ac 500 million US$ 640 million , was expected to be completed by Oct. 9 , Outokumpu said .",neutral,neutral,0.801145613193512
"Theodosopoulos said Tellabs could be of value to Nokia Siemens or Nortel given its `` leading supply status '' with Verizon , along with high-growth products .",positive,positive,0.9110733866691589
"We succeeded in increasing our market share of sold apartment '' , comments Mr Kari Kauniskangas , Head of YIT International Construction Services .",positive,positive,0.9542409181594849
"With CapMan as a partner , we will be able to further develop our business and continue to focus on providing quality restaurant services for our customers , '' says Christopher Wynne , CEO of Papa John 's Russia .",positive,positive,0.9264326095581055
"Finnish Suominen Corporation that specialises in wet wipes , nonwovens , and flexible packaging reports net sales of EUR 44.1 mn in the second quarter of 2010 , up from EUR 43.3 mn in the second quarter of 2009 .",positive,positive,0.9502047300338745
"Finnish telecoms software developer Tecnomen Oyj said on December 5 , 2006 it won a $ 3.3 mln ( 2.5 mln euro ) order to supply an expansion of the charging and messaging systems for the mobile and fixed networks of Brasil Telecom .",positive,positive,0.9331029057502747
"( ADP News ) - Dec 11 , 2008 - Finnish construction and engineering company Outotec Oyj ( OMX : OTE1V ) said today it won a EUR 28 million ( USD 36.8 m ) order to expand the phosphate concentrator in Siilinjarvi of Norwegian minera",positive,positive,0.9442527294158936
The bank sees a potential for Getinge share to rise .,positive,positive,0.9504223465919495
"The company recorded revenues of E658 .1 million during the fiscal year ended December 2007 , an increase of 23 % over 2006 .",positive,positive,0.9530608654022217
The robust growth was the result of the inclusion of clothing chain Lindex in the Group in December 2007 .,positive,positive,0.9010881185531616
"The six breweries recorded a 5.2 percent growth in domestic beer sales last year to 270.21 million liters , from 256.88 million liters sold in 2005 .",positive,positive,0.9492983818054199
"a January 11 , 2010 EPHC board of directors has approved an increase in the quarterly dividend from $ 0.03 to $ 0.05 per share .",positive,positive,0.9263406991958618
"Bilfinger investors cheered the agreement , pushing shares up 7 % , or & euro ; 3.30 , to & euro ; 50.29 , in afternoon trade .",positive,positive,0.9503867626190186
"LONDON AFX - Shares in Rautaruukki Corp have been upgraded to ` hold ' from ` sell ' by ABN Amro , with the price target raised to 25.75 eur from 14.5 , said dealers .",positive,positive,0.9500885009765625
LONDON MarketWatch -- Nokia nok said it 's won a five-year services contract to run Hutchison Essar 's network operations in nine locations in India .,positive,positive,0.9459381699562073
"Progress Group , QPR 's representative in Saudi Arabia and North Africa , has signed a framework agreement for a long term strategic relationship with ISE .",positive,positive,0.9384182691574097
"Ragutis , controlled by the Finnish brewery Olvi , achieved a 5.7 percent rise in beer sales to 22.6 million liters and held a 10.75 percent market share .",positive,positive,0.9474212527275085
"In addition , Cramo and Peab have signed exclusive five-year rental agreements in Finland and have extended their existing rental agreements in the Swedish market for another five years .",positive,positive,0.949195921421051
"OUTOTEC OYJ PRESS RELEASE DECEMBER 4 , 2009 10.30 AM Outotec establishes a new subsidiary in Kolkata Outotec has established a subsidiary in India in order to better serve its Indian customers and to increase its business in the growing Indian market .",positive,positive,0.8185436725616455
The original contract was signed last summer .,neutral,neutral,0.8582451343536377
"`` The number of collection errors fell considerably , and operations speeded up .",positive,positive,0.8878373503684998
"In the second quarter of 2010 , the group 's pretax loss narrowed to EUR 400,000 from EUR 600,000 .",positive,positive,0.9259689450263977
"26 January 2011 - Finnish metal products company Componenta Oyj ( HEL : CTH1V ) said yesterday its net loss narrowed to EUR500 ,000 in the last quarter of 2010 from EUR5 .3 m for the same period a year earlier .",positive,positive,0.9378015995025635
8 May 2009 - Finnish liquid handling products and diagnostic test systems maker Biohit Oyj ( HEL : BIOBV ) said today ( 8 May 2009 ) its net loss narrowed to EUR0 .1 m ( USD0 .14 m ) for the first quarter of 2009 from EUR0 .4 m for the same period of 2008 .,positive,positive,0.9396016001701355
"Finnish metal products company Componenta Oyj ( HEL : CTH1V ) said today its net loss narrowed to EUR 500,000 ( USD 680,000 ) in the last quarter of 2010 from EUR 5.3 million for the same period a year earlier .",positive,positive,0.9409767389297485
"Finnish steel maker Rautaruukki Oyj ( HEL : RTRKS ) , or Ruukki , said today its net loss contracted to EUR 49 million ( USD 68.2 m ) for the first nine months of 2010 from EUR 229 million for the same period a year ago .",positive,positive,0.9017929434776306
"For the first nine months of 2010 , Talvivaara 's net loss narrowed to EUR 8.3 million from EUR 21.9 million for the same period of 2009 .",positive,positive,0.9371623992919922
"In the first nine months of 2010 , the company 's net loss narrowed to EUR 415,000 from EUR 7.4 million for the corresponding period of 2009 .",positive,positive,0.9350645542144775
"In the first nine months of 2010 , the company 's net loss narrowed to EUR415 ,000 from EUR7 .4 m for the corresponding period of 2009 .",positive,positive,0.9397594928741455
"( ADP News ) - Feb 9 , 2009 - Finnish computer services company Proha Oyj ( HEL : ART1V ) said today its net loss narrowed to EUR 113,000 ( USD 146,000 ) for 2008 from EUR 1.2 million for 2007 .",positive,positive,0.9348984360694885
The new factory working model and reorganisations would decrease Nokian Tyres ' costs in the factory by EUR 30 million ( USD 38.7 m ) .,positive,positive,0.95257967710495
20 October 2010 - Finnish metal products company Componenta Oyj HEL : CTH1V said yesterday that its net loss narrowed to EUR7m for the first nine months of 2010 from EUR23 .3 m for the same period of 2009 .,positive,positive,0.9392777681350708
Finnish fibers and plastic products maker Suominen Corporation said its net loss narrowed to 1.6 mln euro $ 2.0 mln in the first nine months of 2006 from 2.16 mln euro $ 2.7 mln in the same period of 2005 .,positive,positive,0.9334555864334106
"In the second quarter of 2010 , Raute 's net loss narrowed to EUR 123,000 from EUR 1.5 million in the same period of 2009 .",positive,positive,0.9400568604469299
"ADP News - Nov 13 , 2008 - Finnish printed circuit board PCB maker Aspocomp Group Oyj OMX : ACG1V said today that its net loss narrowed to EUR 2 million USD 2.5 m in the first nine months of 2008 from EUR 57",positive,positive,0.9393066763877869
"Metsaliitto , however , narrowed its net loss for the second quarter of 2007 to 5.0 mln euro $ 6.9 mln from 61 mln euro $ 83.7 mln a year ago .",positive,positive,0.9292149543762207
"narrows to EUR2 .8 m 9-mo '09 29 October 2009 - Finnish software and hardware developer Elektrobit Oyj HEL : EBG1V , or EB , said today that its net loss narrowed to EUR2 .8 m for the first nine months of 2009 from EUR35 .6 m for the same period a year ago .",positive,positive,0.9394285082817078
The diluted loss per share narrowed to EUR 0.27 from EUR 0.86 .,positive,positive,0.9323899745941162
Unit costs for flight operations fell by 6.4 percent .,positive,negative,0.9678425788879395
The loss for the third quarter of 2007 was EUR 0.3 mn smaller than the loss of the second quarter of 2007 .,positive,negative,0.9328733682632446
"2009 3 February 2010 - Finland-based steel maker Rautaruukki Oyj ( HEL : RTRKS ) , or Ruukki , said today it slipped to a larger-than-expected pretax loss of EUR46m in the fourth quarter of 2009 from a year-earlier profit of EUR45m .",negative,negative,0.9752867221832275
"( ADPnews ) - Feb 3 , 2010 - Finland-based steel maker Rautaruukki Oyj ( HEL : RTRKS ) , or Ruukki , said today it slipped to a larger-than-expected pretax loss of EUR 46 million ( USD 64.5 m ) in the fourth quarter of 2009 from a",negative,negative,0.9623468518257141
"Result before taxes decreased to nearly EUR 14.5 mn , compared to nearly EUR 20mn in the previous accounting period .",negative,negative,0.9717602729797363
The company slipped to an operating loss of EUR 2.6 million from a profit of EUR 1.3 million .,negative,negative,0.9742559790611267
23 April 2010 - Finnish construction and engineering company Outotec Oyj HEL : OTE1V said today it slipped to a net loss of EUR7 .3 m in the first quarter of 2010 from a net profit of EUR12 .5 m in the corresponding period last year .,negative,negative,0.9764385223388672
Cramo slipped to a pretax loss of EUR 6.7 million from a pretax profit of EUR 58.9 million .,negative,negative,0.9733685851097107
"Finnish IT solutions provider Affecto Oyj HEL : AFE1V said today its slipped to a net loss of EUR 115,000 USD 152,000 in the second quarter of 2010 from a profit of EUR 845,000 in the corresponding period a year earlier .",negative,negative,0.9391233921051025
"In 2009 , Comptel slipped to a net loss of EUR2 .1 m from a profit of EUR6 .6 m in the previous year .",negative,negative,0.9750704169273376
"In Q2 of 2009 , profit before taxes amounted to EUR 13.6 mn , down from EUR 26.8 mn in Q2 of 2008 .",negative,negative,0.9762907028198242
"ADPnews - Feb 5 , 2010 - Finnish real estate investor Sponda Oyj HEL : SDA1V said today that it slipped to a net loss of EUR 81.5 million USD 11.8 m in 2009 from a profit of EUR 29.3 million in 2008 .",negative,negative,0.9741415977478027
"ADPnews - Jul 17 , 2009 - Finland-based steel maker Rautaruukki Oyj Ruukki HEL : RTRKS said today it slipped to a net loss of EUR 184 million USD 259.7 m for the first half of 2009 from a net profit of EUR 2",negative,negative,0.9749993681907654
"Profit before taxes amounted to EUR 56.5 mn , down from EUR 232.9 mn a year ago .",negative,negative,0.97622150182724
"Profit before taxes decreased by 9 % to EUR 187.8 mn in the first nine months of 2008 , compared to EUR 207.1 mn a year earlier .",negative,negative,0.9763047695159912
Profit before taxes decreased to EUR 31.6 mn from EUR 50.0 mn the year before .,negative,negative,0.9755958318710327
"Profit before taxes was EUR 4.0 mn , down from EUR 4.9 mn .",negative,negative,0.975615918636322
"The company 's profit before taxes fell to EUR 21.1 mn in the third quarter of 2008 , compared to EUR 35.8 mn in the corresponding period in 2007 .",negative,negative,0.9764233231544495
"In August-October 2010 , the company 's result before taxes totalled EUR 9.6 mn , up from EUR 0.5 mn in the corresponding period in 2009 .",positive,positive,0.9525552988052368
Finnish Bore that is owned by the Rettig family has grown recently through the acquisition of smaller shipping companies .,positive,positive,0.9030568599700928
The plan is estimated to generate some EUR 5 million ( USD 6.5 m ) in cost savings on an annual basis .,positive,positive,0.9431911110877991
"Finnish pharmaceuticals company Orion reports profit before taxes of EUR 70.0 mn in the third quarter of 2010 , up from EUR 54.9 mn in the corresponding period in 2009 .",positive,positive,0.952034056186676
"Finnish Sampo Bank , of Danish Danske Bank group , reports profit before taxes of EUR 152.3 mn in 2010 , up from EUR 32.7 mn in 2009 .",positive,positive,0.9519317150115967
"Profit after taxes for the period was up to EUR0 .9 m , from EUR0 .01 m last year .",positive,positive,0.9471466541290283
"Profit before taxes was EUR 5.4 mn , up from EUR 3.6 mn a year earlier .",positive,positive,0.9569025635719299
11 August 2010 - Finnish measuring equipment maker Vaisala Oyj HEL : VAIAS said today that its net loss widened to EUR4 .8 m in the first half of 2010 from EUR2 .3 m in the corresponding period a year earlier .,negative,positive,0.9377530217170715
"Finnish power supply solutions and systems provider Efore Oyj said its net loss widened to 3.2 mln euro $ 4.2 mln for the first quarter of fiscal 2006-2007 ending October 31 , 2007 from 900,000 euro $ 1.2 mln for the same period of fiscal 2005-06 .",negative,positive,0.9343903660774231
"ADP News - Apr 22 , 2009 - Finnish business information systems developer Solteq Oyj HEL : STQ1V said today its net loss widened to EUR 189,000 USD 245,000 for the first quarter of 2009 from EUR 10,000 for the same peri",negative,positive,0.9336784482002258
Salonen added that data shows producers ' pulp inventories in North America are declining . ',negative,negative,0.9690508246421814
The Elcoteq group recently announced that the last three months of the previous year brought to it a major loss of more than half a billion kroons ( EUR 32 mln ) for the fifth quarter running .,negative,negative,0.9691150188446045
"For the current year , Raute expects its net sales to increase and the operating result -- to be positive .",positive,positive,0.955370306968689
"Turnover surged to EUR61 .8 m from EUR47 .6 m due to increasing service demand , especially in the third quarter , and the overall growth of its business .",positive,positive,0.9504378437995911
"As a result , the company currently anticipates net sales to increase and the operating result to be positive .",positive,positive,0.9538950324058533
"`` UPM 's deliveries increased during the third quarter by 4 percent , and the efficiency of operations improved , '' Chief Executive Jussi Pesonen said .",positive,positive,0.9598405361175537
"Global sports equipment maker Amer Sports Corp. , whose brands include Atomic , Salomon and Wilson , saw a 64 percent increase in third-quarter net profit to EURO 47.4 million $ 65 million on strong sales and cost cuts .",positive,positive,0.9543221592903137
"Due to rapid expansion , the market share of Tallink in terms of passenger carriage through Tallinna Sadam Port of Tallinn totaled 55 percent in November against 45.7 percent in November 2005 .",positive,positive,0.9229491353034973
Cash Flow from Operations for the most recent quarter also reached a eight year low .,negative,negative,0.9756292700767517
"Earnings per share ( EPS ) amounted to EUR0 .98 , up from the loss of EUR0 .02 .",positive,positive,0.9564365744590759
"Earnings per share ( EPS ) were EUR0 .03 , up from the loss of EUR0 .083 .",positive,positive,0.9575240612030029
"Operating profit totalled EUR 0.4 mn , up from an operating loss of EUR 0.8 mn year-on-year .",positive,positive,0.9556930065155029
"Operating profit totalled EUR 7.0 mn , up from a loss of EUR 4.0 mn in the second quarter of 2009 .",positive,positive,0.9554136991500854
Operating result including non-recurring items rose to EUR 146mn from a loss of EUR 267mn in 2009 .,positive,positive,0.9578128457069397
"Tiimari , the Finnish retailer , reported to have geenrated quarterly revenues totalling EUR 1.3 mn in the 4th quarter 2009 , up from EUR 0.3 mn loss in 2008 .",positive,positive,0.9498171210289001
"Earnings per share EPS amounted to EUR0 .03 , up from the loss of EUR0 .08 .",positive,positive,0.957705557346344
"Operating profit totalled EUR 5.8 mn , up from a loss of EUR 1.7 mn in the fourth quarter of 2009 .",positive,positive,0.9556992650032043
"Operating profit was EUR 0.6 mn , up from a loss of EUR 19mn a year earlier .",positive,positive,0.9567199945449829
The investments and operational changes enable additional optimisation of the working hours and thereby further cost savings of some 7 % -9 % .,positive,positive,0.930932879447937
"Shareholder 's full name and ID code : - Petri Ailus , born 15.9.1966 For further information , please contact Isto Hantila , CEO , tel. +358 9 591 8342 .",neutral,neutral,0.9541414976119995
"9 September 2010 - Finnish stationery and gift retailer Tiimari HEL : TII1V said today its net sales rose by 2 % year-on-year to EUR5 .7 m in August 2010 , driven by growth in Finland , while demand in the Baltics remained weak .",positive,positive,0.8213092684745789
"By 14:29 CET on Monday , shares in Bavarian Nordic had climbed 1.21 % to DKK250 on the stock exchange in Copenhagen after having lost 7.41 % in the past month .",positive,positive,0.9536918997764587
"For example , net sales increased by 5.9 % from the first quarter , and EBITDA increased from a negative EUR 0.2 mn in the first quarter of 2009 .",positive,positive,0.9576824903488159
"At this growth rate , paying off the national debt will be extremely painful .",negative,negative,0.9556336998939514
`` Our customer has been satisfied with Basware Invoice Automation solution and extends the implementation to new geographies .,positive,positive,0.9418475031852722
` By separating side businesses we will be able to faster expand and develop Tapro retail network .,positive,positive,0.8457893133163452
"According to Viking Line 's Managing Director , Nils-Erik Eklund , the company 's Board of Directors is very satisfied with Viking Line 's performance .",positive,positive,0.9472748041152954
Combining this deep domain expertise with our Application Service Management ASM and outsourcing service offerings has now proved to be a winning combination .,positive,positive,0.9435439705848694
"Finnish construction company YIT Oyj said on November 13 , 2007 it won a 70 mln euro $ 102.8 mln contract to construct the new office building for local property company Tapiola Real Estate Oy .",positive,positive,0.926291286945343
Major Order in India Comptel Corporation has received a significant long-term order for mediation and provisioning solutions being used by a leading operator in India .,positive,positive,0.9506736397743225
Olvi has posted a strong set of figures for the first six months of this year .,positive,positive,0.9498370885848999
Operating profit improved by 27 % to EUR 579.8 mn from EUR 457.2 mn in 2006 .,positive,positive,0.9541495442390442
Our standardised services have met with a positive reception among our customers as well as at Itella .,positive,positive,0.9475617408752441
Performance in the second half of 2009 exceeded expectations .,positive,positive,0.9525322914123535
Ponsse projects the forest machine markets to improve more than expected in 2010 from the previous year .,positive,positive,0.9566646814346313
"Ragutis , which is based in Lithuania 's second-largest city Kaunas , boosted its sales last year 22.3 per cent to 36.4 million liters .",positive,positive,0.9560331702232361
"Raisio 's bid to buy Glisten is a `` win-win '' deal for both companies , the chairman of the UK snacks firm told just-food today 10 February .",positive,positive,0.6318045258522034
The aim is an annual improvement in Ruukki Construction 's operating profit of more than EUR 3 million USD 4.1 m starting in 2009 .,positive,positive,0.955659031867981
"The transaction will have a positive impact of around EUR2m on earnings , which Ruukki will recognize during the fourth quarter of this year .",positive,positive,0.9434471130371094
`` The combined activities will create value for shareholders and be good for our employees and customers .,positive,positive,0.8807771801948547
`` The trend in the sports and leisure markets was favorable in the first months of the year .,positive,positive,0.9555890560150146
27 January 2011 - Finnish IT solutions provider Affecto Oyj ( HEL : AFE1V ) said today it has won a EUR1 .2 m ( USD1 .6 m ) contract from state-owned Lithuanian Social Insurance Institution ( SODRA ) .,positive,positive,0.9484144449234009
Finnish construction group Lemmink+ñinen has been awarded two road building contracts by the Lithuanian transport administration .,positive,positive,0.9402775168418884
"Finnish flexible packaging manufacturer Suominen Corporation reports net sales of EUR 54.5 mn in the first quarter of 2008 , compared with EUR 54.3 mn a year earlier .",positive,positive,0.8037354946136475
"Finnish Metso Paper has been awarded a contract for the rebuild of Sabah Forest Industries ' ( SFI ) pulp mill in Sabah , Malaysia .",positive,positive,0.9436006546020508
Finnish Outokumpu Technology has been awarded several new grinding technology contracts .,positive,positive,0.9500421285629272
Finnish Rautaruukki has been awarded a contract to supply and install steel superstructures for the Partihallsf+Ârbindelsen bridge in Gothenburg in Sweden .,positive,positive,0.9447462558746338
"According to Atria 's President and CEO Matti Tikkakoski , the company 's Swedish operations significantly improved in the first quarter .",positive,positive,0.9615761041641235
"According to Nordic financial group Nordea 's analyst Sami Sarkamies , this makes Nokia 's portfolio competitive again .",positive,positive,0.9558863043785095
"Arvo Vuorenmaa , the Loviisa plant 's general manager said the application for the new licence was a `` standard '' procedure and that he was `` quite confident '' about approval being granted .",positive,positive,0.8675944209098816
"BasWare 's CEO Ilkka Sihvo comments in conjunction with the Interim Report : `` As a whole , BasWare succeeded well in the second quarter of 2007 .",positive,positive,0.9472182989120483
Cision says the sale will return its U.K. operation to profitability .,positive,positive,0.9503962397575378
"Citigroup , Inc ( NYSE : C ) has announced that its Global Transaction Services ( GTS ) business has been awarded a new mandate by Finland-based Pohjola Bank Group .",positive,positive,0.9385448694229126
"Department store sales improved by 14 % to EUR 1,070.6 mn .",positive,positive,0.9611947536468506
"Finland 's national carrier Finnair PLC carried a record 8.5 million passengers in 2005 , an increase of 4.5 percent on the previous year , the airline reported Tuesday .",positive,positive,0.9497625827789307
"Finnair PLC carried a record 8.8 million passengers in 2006 , an increase of 3.5 percent on the previous year , the Finnish national carrier reported Tuesday .",positive,positive,0.9511358141899109
"Finnish consulting and engineering group Poyry Plc ( OMX Helsinki : POY ) said on Wednesday ( 1 October ) that it has been awarded a contract by Tanqia Dibba FZC as owner-engineer for the wastewater system of Dibba , Emirate of Fujairah , UAE .",positive,positive,0.9400418400764465
Finnish handling systems company Cargotec Oyj ( HEL : CGCBV ) said today that it won a EUR 13 million ( USD 16.6 m ) contract to deliver MacGregor hatch covers for ships ordered by Norwegian shipowner Grieg Shipping .,positive,positive,0.9460781216621399
"Finnish steel maker Rautaruukki Oyj ( Ruukki ) said on July 7 , 2008 that it won a 9.0 mln euro ( $ 14.1 mln ) contract to supply and install steel superstructures for Partihallsforbindelsen bridge project in Gothenburg , western Sweden .",positive,positive,0.9457278847694397
"However , the broker gave an `` outperform '' recommendation on the stock .",positive,negative,0.8420302271842957
Last year SysOpen Digia invested in IBM product know-how in the building of portal and trading place systems and successfully implemented customer solutions supported by it .,positive,positive,0.8505071997642517
"( ADP News ) - Oct 1 , 2008 - Finnish consulting and engineering company Poyry Oyj ( OMX : POY1V ) said today it was awarded a EUR 5.2 million ( USD 7.4 m ) extension to their existing consultancy engineering contract with Venezuel",positive,positive,0.9498793482780457
"( ADP News ) - Oct 31 , 2008 - Finnish food company Raisio Oyj ( OMX : RAIVV ) said today that its net profit jumped to EUR 16.4 million ( USD 20.9 m ) for the first nine months of 2008 from EUR 1.1 million for the same period of 2",positive,positive,0.9442790746688843
"( ADP News ) - Sep 30 , 2008 - Finnish security and privacy software solutions developer Stonesoft Oyj said today that it won a USD 1.9 million ( EUR 1.3 m ) order to deliver its StoneGate network security products to an unnamed Russian te",positive,positive,0.9447584748268127
Outotec 's net profit for the second quarter of 2007 jumped to 16.8 mln euro ( $ 23.1 mln ) from 4.6 mln euro ( $ 6.3 mln ) a year ago .,positive,positive,0.9489137530326843
Pretax profit jumped to EUR 21.9 million from EUR 3.1 million .,positive,positive,0.9498106241226196
"Profitability ( EBIT % ) was 13.9 % , compared to 13.1 % in the previous-year period .",positive,positive,0.5747029185295105
"Sales improved to SEK 1,553 mn , compared with SEK 1,408 mn .",positive,positive,0.9552876353263855
"Savon koulutuskuntayhtyma , Finland based company has awarded contract for specialist agricultural or forestry machinery .",positive,positive,0.9491856694221497
SKF 6 April 2010 - Alandsbanken has given a `` buy '' recommendation on Swedish industrial company SKF AB ( STO : SKF B ) with a share price target of SEK150 .,positive,positive,0.9273674488067627
Sports equipment sales also progressed well owing to the prolonged winter season .,positive,positive,0.954476535320282
TELE2 Affarsvarlden gave a `` buy '' recommendation on mobile operator Tele2 AB and a share price target of 142 crowns ( $ 23.54 - 15.19 euro ) .,positive,positive,0.7381611466407776
The acquisition will have an immediate positive impact on Aspocomp 's financial result .,positive,positive,0.9400229454040527
"The Australian company Mirabela Nickel has awarded Outokumpu Technology a contract for grinding technology for its nickel sulfide project in Bahia State , Brazil .",positive,positive,0.9452290534973145
The company also said that in Poland a profitability program has been launched at the Oborniki steel frame and sandwich panel plant .,positive,positive,0.8933432102203369
The Group also has a strong global position in other fishing categories .,positive,positive,0.8126965761184692
"The original name Componenta +àm+Ñl , as a subsidiary of the Finnish Componenta Group , has been changed to +àm+Ñl Components and the company has seen a 63 % growth in Q1 2010 , in comparison to Q1 2009 .",positive,positive,0.9413336515426636
This resulted in improved sales figures in Sweden .,positive,positive,0.9570391774177551
- UPM-Kymmene upgraded to ` in-line ' from ` underperform ' by Goldman Sachs .,positive,positive,0.9490261077880859
`` Demand for sports equipment was good in 2005 .,positive,positive,0.9426998496055603
Finlan 's listed food industry company HKScan Group controlled companies in the Baltics improved revenues by EUR 3.5 mn to EUR 160.4 mn in 2010 from EUR 156.9 mn in the year before .,positive,positive,0.952104389667511
"Finnish airline Finnair has won a deal with the UK public sector to be the official airline for flights from London Heathrow to Osaka in Japan , as well as flights between Manchester in the UK and Helsinki in Finland .",positive,positive,0.9270997643470764
Finnish Cargotec 's Kalmar has received a significant order from the US Department of Defense .,positive,positive,0.9520083069801331
Cargotec Germany GmbH has been awarded a contract by Stadtverwaltung Mainz for chassis bodies under Open procedure .,positive,positive,0.9395394921302795
"Earnings per share for the quarter were also higher year-on-year at 0.33 eur versus 0.27 , and above market expectations of 0.28 eur .",positive,positive,0.9532070159912109
"EBITDA for the year 2009 improved to EUR484m , as compared with EUR472m in 2008 .",positive,positive,0.9566880464553833
"Finnish construction group Lemminkainen Oyj HEL : LEM1S said today it has won a contract to provide technical services for the Nevsky Centre shopping mall to be opened in November in St Petersburg , Russia .",positive,positive,0.9458480477333069
"Finnish software developer Basware Oyj said on November 30 , 2006 its U.S. subsidiary Basware , Inc. won an order to provide software for contract lifecycle management to an unnamed U.S. medical technology company .",positive,positive,0.93244469165802
"However , sales volumes in the food industry are expected to remain at relatively good levels in Finland and in Scandinavia , Atria said .",positive,positive,0.9568198323249817
Nordea sees a return to positive growth for the Baltic countries in 2011 .,positive,positive,0.9542351961135864
Operating profit improved by 16.7 % to EUR 7.7 mn .,positive,positive,0.9624190330505371
Operating profit improved by 39.9 % to EUR 18.0 mn from EUR12 .8 mn .,positive,positive,0.9552611112594604
Operating profit improved by 44.0 % to ER 4.7 mn from EUR 3.3 mn in 2004 .,positive,positive,0.9543300867080688
Operating profit improved to EUR 20.3 mn from EUR 11.4 mn .,positive,positive,0.9540868997573853
"Previously , the company anticipated its operating profit to improve over the same period .",positive,positive,0.9602458477020264
Productional situation has now improved .,positive,positive,0.958660900592804
Rautaruukki said construction group YIT has awarded it a 2.5 mln eur contract to supply the steel structures for a new bridge spanning the Kemijoki river in Northern Finland .,positive,positive,0.9464569687843323
"Sales came in at 241 mln eur , compared with 211.4 mln , and also beating consensus forecasts of 235 mln eur .",positive,positive,0.9529486894607544
"Thanks to the multiplying effect of wagon performance , transport will be much more efficient , '' says development manager Juha Malkia from VR Cargo .",positive,positive,0.9050748348236084
"The company , which makes garden tools , scissors and other consumer goods , said earnings were boosted by 6.9 mln eur of income it received from its 16.7 pct shareholding in Finnish engineering group Wartsila .",positive,positive,0.9534657597541809
The company anticipates its turnover for the whole 2010 to surpass that of the previous year when it was EUR 67.1 million .,positive,positive,0.9520881772041321
The EPS improved to EUR0 .38 from EUR0 .27 .,positive,positive,0.9533208012580872
"The financial impact is estimated to be an annual improvement of EUR2 .0 m in the division 's results , as of fiscal year 2008 .",positive,positive,0.9486307501792908
"The financial impact is estimated to be some 1.5 MEUR annual improvement in the division 's result , starting from fiscal year 2007 .",positive,positive,0.9434811472892761
The rationalization of the operations seeks to achieve over EUR 1 million in yearly savings as from the second quarter of the current financial year .,positive,positive,0.9238259196281433
"The sale , which will result in a gain of some EUR 60 million in the second quarter of 2010 for Oriola-KD , supports the Finnish company 's strategy to focus on pharmaceutical wholesale and retail operations .",positive,positive,0.8963502645492554
"Turun kaupunkin , Finland based company has awarded contract to Lemminkainen Talotekniikka Oy for electrical installation work .",positive,positive,0.9487453103065491
These moderate but significant changes resulted in a significant 24-32 % reduction in the estimated CVD risk .,positive,positive,0.9509332180023193
Uponor improved its performance in spite of the decrease in residential construction in the US .,positive,positive,0.9591855406761169
"Simultaneously , his responsibility area is extended from legal affairs to cover also mergers and acquisitions .",neutral,neutral,0.8977899551391602
"Once your plants are in the ground they will continue to grow , but the success of any garden lies in how well it 's maintained .",neutral,neutral,0.8058987855911255
"Poyry 's contract includes engineering management , civil and detail engineering services , and time scheduling and procurement services .",neutral,neutral,0.9468198418617249
"Addus ' services include personal care and assistance with activities of daily living , skilled nursing and rehabilitative therapies , and adult day care .",neutral,neutral,0.9228010177612305
"Aldata Solution Oyj Bertrand Sciard President and CEO Further information : Aldata Solution Oyj , Bertrand Sciard , President and CEO , tel. +33 1 46 48 28 00 Aldata 100 % Retail-Wholesale At Aldata 100 % of our business is dedicated to retail and wholesale business improvement .",neutral,neutral,0.9061824679374695
Alfa group will have 43.9 % of voting stock in the new company and Telenor 35.4 % with a free float of 20.7 % .,neutral,neutral,0.9469674825668335
Altogether 150 subjects with mildly elevated cholesterol levels participated in the four-month long intervention .,neutral,neutral,0.7645639181137085
"Arto Ryymin , born 1964 , will replace Juhani Kaisanlahti who has worked as acting EVP , Healthcare & Welfare since August 2007 .",neutral,neutral,0.830761730670929
At CapMan Haavisto will be responsible for Group Finances and Accounting and IT .,neutral,neutral,0.9542354941368103
"Cablevision Systems Corp. CVC Their Madison Square Garden division owns and operates the New York Knickerbockers basketball team ; they also own the Madison Square Garden Arena , the New York Rangers hockey team , the New York Liberty women 's basketball team , and the Hartford Wolf Pack hockey team .",neutral,neutral,0.954538881778717
"CapMan has six investment areas CapMan Buyout , CapMan Technology , CapMan Life Science , CapMan Russia , CapMan Public Market and CapMan Real Estate , and each of them has a dedicated team and funds .",neutral,neutral,0.9333080053329468
"CapMan Plc Press Release 31 March 2008 Jukka Ruuska , President of the OMX Nordic Exchanges and the Stockholm Stock Exchange , will transfer to CapMan effective no later than September 2008 .",neutral,neutral,0.9441139101982117
"cents The profile contains business operations , the company history , major products and services , prospects , key competitors , structure and key employees , locations and subsidiaries .",neutral,neutral,0.9530094265937805
"Conference Call To participate via a conference call , please dial in 5-10 minutes before the beginning of the event : +44 0 20 7162 0025 Europe or +1 334-á323-á6201 USA .",neutral,neutral,0.9491434097290039
Construction is scheduled to start in April-June 2007 and to be completed in early 2008 .,neutral,neutral,0.8997305631637573
"Founded in 1946 , Strand Associates , which provides civil , environmental , transportation , electrical and mechanical engineering services , has 350 employees at 10 offices in Wisconsin , Alabama , Illinois , Indiana , Kentucky and Ohio .",neutral,neutral,0.9428836107254028
Halonen 's office acknowledged receiving the letter but declined comment .,neutral,neutral,0.8079861402511597
"Headquartered in this city , the company is nearly 75 years old and focuses on science-based innovation and technology for environmental measurement .",neutral,neutral,0.873212993144989
"In 2009 , Lee & Man had a combined annual production capacity of close to 4.5 million tonnes of paper and 300,000 tonnes of pulp .",neutral,neutral,0.9207523465156555
"In the method the smelt spouts 2 are separated from the working area 6 by a shielding wall 8 , 10 arranged movable in relation to the smelt spouts .",neutral,neutral,0.941271185874939
"It is necessary to strengthen the company 's operations , however .",neutral,positive,0.8629150986671448
Le Lay succeeds Walter G++nter and will be based in Finland .,neutral,neutral,0.9514269828796387
"Lemminkainen Infra Oy 's subsidiary Lemminkainen Sverige AB will perform the construction work , which is expected to start in early 2011 and to be completed in the summer of 2013 .",neutral,neutral,0.8926651477813721
"Los Angeles-based Pacific Office Properties Trust acquires , owns , and operates office properties in the western U.S. , focusing initially on the markets of Honolulu , San Diego , Los Angeles , and Phoenix .",neutral,neutral,0.936679482460022
"Mr. Mikko Saavalainen , head of Comptel 's Global Sales concludes : `` Gibtelecom provides a perfect illustration of the variety of business , technical and regulatory challenges operators are facing in their OSS today .",neutral,neutral,0.5506138205528259
"Professional and consumer applications include personal navigation , personal safety , field and workflow management , and asset tracking .",neutral,neutral,0.9359709620475769
Satama and Trainers ' House will remain as names and independent brands of the business areas .,neutral,neutral,0.9380264282226562
"The above mentioned shareholders will suggest that a monthly salary of EUR 1,400 would be paid for the Board members outside the company .",neutral,neutral,0.9130874872207642
"The address location is provided to a local controller , preferably by wireless transmission , which then uses the address location to access the appliance control module .",neutral,neutral,0.9530867338180542
The Bank is also examining the benefits of transferring the Swedish business to operate as a branch office so that the operations would be governed by Finland 's laws .,neutral,neutral,0.7570562362670898
"The donations are granted to Aalto University and the universities of Helsinki , Tampere , Turku , Eastern Finland , Jyv+ñskyl+ñ , Oulu and Vaasa , and to polytechnics to be announced later .",neutral,neutral,0.8994928002357483
"The guidance has been set at 90 basis points over mid-swaps , the report said .",neutral,neutral,0.9177512526512146
The invention carries International Patent Publication No. .,neutral,neutral,0.943146288394928
"The inventors are Bylander Johan , Ponten Fredrik and Lundberg Jorgen .",neutral,neutral,0.9453516602516174
"The inventors are Mukkavilli Krishna Kiran , Sabharwal Ashutosh and Aazhang Behnaam .",neutral,neutral,0.9423766136169434
"The Inventors are Ridge Justin , Bao Yiliang and Karczewicz Marta .",neutral,neutral,0.9321789741516113
The issuer is solely responsible for the content of this announcement .,neutral,neutral,0.948928952217102
The issuer is solely responsible for the content of this announcement .,neutral,neutral,0.948928952217102
"The market making in accordance with the agreement will begin on September 24 , 2009 .",neutral,neutral,0.9491095542907715
"The offer price is $ 35 million , including cash of $ 10 million as net debt assumption of FACE , and $ 20 million worth of Cencorp shares to be issued to Savcor .",neutral,neutral,0.937003493309021
The original patent was filed in Finland under application No. .,neutral,neutral,0.9478356242179871
The Swedish subsidiary holds 1.0 % net smelter return `` NSR '' royalties over two advanced copper projects in northern Sweden - the Viscaria and Adak Projects - being developed by Avalon Minerals Ltd. ASX : AVI .,neutral,neutral,0.9230673313140869
"The total investment in the Vantaa plant extension will amount to around 10 million euro , and Okmetic 's share of the investments will be worth around 2.7 million .",neutral,neutral,0.8906306624412537
Welcome !,neutral,neutral,0.8289238214492798
"You need to be ready when the window opens up , Rosberg said .",neutral,neutral,0.8753353357315063
`` Directors and shareholders alike should ask why these practices were allowed to continue . '',neutral,neutral,0.8418811559677124
`` The issues identified by Stonesoft affect a range of content inspection technology .,neutral,neutral,0.7783551812171936
`` They want my credit card info and my personal details .,neutral,neutral,0.9072113037109375
About Dopplr Dopplr is a service for smart travellers .,neutral,neutral,0.9444084763526917
"According to Sweden 's Minister for Local Government and Financial Markets , Mats Odell , the decision to sell the State 's shares in telecom group TeliaSonera can only be carried out in cooperation with the State of Finland .",neutral,neutral,0.9450938105583191
"According to CapMan Plc 's Corporate Governance , the majority of the committees ' members shall be independent of the Company .",neutral,neutral,0.9545729756355286
"According to Finnair Technical Services , the measure is above all due to the employment situation .",neutral,positive,0.4973200857639313
"According to Honka Japan 's Managing Director Marko Saarelainen , Honkarakenne exports about 200 ready made log houses to Japan a year .",neutral,neutral,0.9210453033447266
"According to preliminary data from Slovakia 's Statistics Office , goods worth E36 .4 million were imported from Finland between January and October 2010 , making up 0.1 percent of Slovakia 's total imports .",neutral,neutral,0.836309552192688
"According to Seikku , the retail sector in Finland is controlled by 3-4 large actors , while food manufacturers are still relatively small .",neutral,neutral,0.9117102026939392
"Also , a six-year historic analysis is provided for these markets .",neutral,neutral,0.9328463673591614
"Also , a six-year historic analysis is provided for this market .",neutral,neutral,0.9395244717597961
Amanda said that it had already made a USD5 .0 m investment commitment in Russia Partners II fund in July 2005 .,neutral,neutral,0.5372049808502197
"An  of the invention , released by the Patent Office , said : `` The chambers are pressurized .",neutral,neutral,0.9365755915641785
An audio webcast will be available live and archived on Cerner 's Web site at www.cerner.com .,neutral,neutral,0.9508965611457825
BasWare Order Matching automatically matches purchase invoices with approved purchase orders .,neutral,neutral,0.9279831647872925
"Capacity of the facility made by Finland 's Vaahto Group is 86,000 tons of light coated paper .",neutral,neutral,0.9395632743835449
"CapMan , an asset manager , has EUR 3bn worth of assets under management in the Nordic region .",neutral,neutral,0.9394205808639526
"CapMan has four investment areas ( CapMan Buyout , CapMan Technology , CapMan Life Science and CapMan Real Estate ) , and each of them has a dedicated team .",neutral,neutral,0.9289352893829346
Castecka said the town hall would hold talks with other investors interested in the zone .,neutral,neutral,0.815229594707489
"Changes being announced today will be effective after the close of trading on Friday , June 19 , 2009 .",neutral,neutral,0.9453572630882263
"CHS Expo Freight is a major Finnish fair , exhibition and culture logistics company that provides logistics services to various events by land , air and sea .",neutral,neutral,0.9235241413116455
Competition authorities will have to approve the deal before it can be finalized .,neutral,neutral,0.7950031161308289
"Complete name of shareholder : Otto Henrik Bernhard Nyberg For further information , please contact Maija-Liisa Friman , CEO , tel. +358 9 7597 0711 .",neutral,neutral,0.9517336487770081
Completion of the transaction is subject to a final agreement and a Due Diligence process .,neutral,neutral,0.9378768801689148
Construction is expected to be completed in the summer of 2011 .,neutral,neutral,0.8722415566444397
Dragonfly Love is another video shot from start to finish using the Nokia N8 .,neutral,neutral,0.9423987865447998
"Elcoteq 's Electronics Manufacturing Services ( EMS ) Business Segment serves customers globally in Engineering , Manufacturing and Fulfillment services .",neutral,neutral,0.9134484529495239
"EQT has completed its exit from Salcomp , a Finnish company that makes mobile phone chargers , by selling its remaining stake to Swedish investment group Nordstjernan for about ( EURO ) 35 million ( $ 47 million ) .",neutral,neutral,0.9421190023422241
"FinancialWire ( tm ) , in cooperation with the Investrend Broadcast Syndicate , also provides complete , daily conference call and webcast schedules as a service to shareholders and investors via the FirstAlert ( tm ) Networks oeFirstAlert ( tm ) Daily .",neutral,neutral,0.9510499835014343
"Following the registration , the number of issued and outstanding shares of Basware is 12,890,829 .",neutral,neutral,0.9528680443763733
Fortum had previously bought the state-held stake in TGK-10 from RAO UES during its reform .,neutral,neutral,0.9388532638549805
"Goodwill and other intangible assets account for some 2.0 mln euro ( $ 2.6 mln ) of the purchase price , 20 pct of which payable in Aspo shares .",neutral,neutral,0.9433640241622925
"Harold W. Young is an independent broker working closely with several retailers including Ahold USA , Market Basket , CVS , BJ 's Wholesale Club , Hannaford and Cumberland Farms .",neutral,neutral,0.850371778011322
"Honkarakenne mainly exports large luxury log houses to Russia to be used as one-family houses or holiday homes ; 70 % of sales go to the Moscow region , about 20 % to the St Petersburg region , and the remainder to other locations .",neutral,neutral,0.9428335428237915
"In providing managed services , Nokia takes responsibility for building , operating and transferring as well as optimising the Indosat 3G network .",neutral,neutral,0.9160967469215393
"In today s business , you have to pre-empt what consumers want , said Mohammed Zainalabedin , General Manager , Zain Bahrain .",neutral,neutral,0.9290979504585266
Insurance policies should be simple .,neutral,neutral,0.9334997534751892
"It is a member of the OneWorld alliance , which includes American Airlines and British Airways .",neutral,neutral,0.9069465398788452
It is expected to be completed by the end of 2007 .,neutral,neutral,0.8690336346626282
It will provide heating in the form of hot water for the sawmill 's needs .,neutral,neutral,0.8823834657669067
Its 168 asset management experts manage assets worth over EUR 35 billion .,neutral,neutral,0.9437318444252014
Jon Risfelt is 49 years old holds a Master of Science in Chemical Engineering from the Swedish Royal Institute of Technology .,neutral,neutral,0.9270275235176086
Juha Haapakoski will continue as Editor-in-Chief with budget responsibility also with the new publisher .,neutral,neutral,0.9526892304420471
"Jun. 25 , 2008 ( Boy Genius Report delivered by Newstex ) -- The Nokia ( NYSE : NOK ) N78 , huh ?",neutral,neutral,0.9365873336791992
"Last July , the group said it intended to relocate warehouse and office space in Loudeac and Saint Marcel to Morvillars , in the east of France , where it already operates a hook manufacturing and distribution unit .",neutral,neutral,0.8678882718086243
"LKAB , headquartered in Lulea , Sweden , is a high-tech mining company producing upgraded iron ore products for the steel industry .",neutral,neutral,0.915717601776123
"Look out for vintage fabric cushion covers , '70s coffee pots , ceramic serving dishes , cocktail glasses , and stainless steel party dishes .",neutral,neutral,0.9146727323532104
"Name of Applicant : Jot Automation OYName of Inventor : Mammila Tuomo , Piirainen Mika and Kellokoski MikaApplication No. : 2424-KOLNP-2008 ADate of filing of Application : 16-06-2008Publication Date : 30/01/2009",neutral,neutral,0.9481089115142822
National sponsors for The Big Read include National Endowment for the Arts in cooperation with the Institute of Museum and Library Services and Arts Midwest .,neutral,neutral,0.8255268335342407
Neste Oil Corporation Refining Operation Asset Summary Report Summary Neste Oil Corporation Refining Operation Assets Summary Report is an essential source for company data and information .,neutral,neutral,0.9416841268539429
"Of these shares 14,747,084 are held by the Company and the number of outstanding shares and voting rights attached to the shares amounts thus to 161,256,847 .",neutral,neutral,0.9439132213592529
"Oka specialises in new construction , renovation work of residential and non-residential building as well as premises for industrial and logistical use .",neutral,neutral,0.9500736594200134
Okmetic Board of Directors has also decided on a new share ownership program directed to the company 's top management .,neutral,neutral,0.8178361654281616
"Panostaja , headquartered in Tampere , Finland , is an investment company focusing on small and medium-sized Finnish companies operating in the traditional industries .",neutral,neutral,0.941484272480011
Pertti Ervi is independent from the Company and its major shareholders .,neutral,neutral,0.9260446429252625
"Please inform IR Johanna Koskinen of your participation no later than 20 April at 10 a.m. A telephone conference for financial analysts and investors , conducted in English , will begin at 3:00 p.m. Finnish time ( EET ) .",neutral,neutral,0.952358067035675
"Previously , the plant was expected to be completed by the end of 2008 .",neutral,neutral,0.8859322667121887
"Prothious Engineering ( www.prothious.com ) employs more than 1,000 and has a large portfolio of projects and an annual detailing capacity of more than 100,000 tonnes .",neutral,neutral,0.9037535786628723
Rapala aims to move the distribution unit Ragot from Loudeac in Bretagne and the distribution unit Waterqueen and the fishing line supplier Tortue from Saint Marcel in Central France to Morvillars .,neutral,neutral,0.912884533405304
"RAPALA TOURNAMENT FISHING : With all the major titles already out for the holidays , bargain-priced games such as Rapala aim for a smaller audience .",neutral,neutral,0.8484765291213989
"RFID ( Radio Frequency Identification ) is a method of so-called intelligent transport , whereby information can be read and saved remotely .",neutral,neutral,0.9412363767623901
"Sanoma also has an Executive Committee , in accordance with the Company 's Articles of Association , that prepares proposals for matters to be decided or noted by the Board of Directors .",neutral,neutral,0.9526415467262268
"Sarantel , based in Wellingborough , UK , designs high-performance antennas for portable wireless devices .",neutral,neutral,0.9081816673278809
Shares will be acquired in accordance with section 5 of the rules of NASDAQ OMX Helsinki and other rules applicable to the acquisition of own shares .,neutral,neutral,0.9540544748306274
"She will succeed Krister Kylas , who has decided to leave TeliaSonera .",neutral,neutral,0.8444449305534363
Shuweihat 2 got under way in July 2008 when the project was awarded to desalination and power contractors .,neutral,neutral,0.5113018751144409
"Simmons Elected DCUC Chairman PORTSMOUTH , N.H.-Gordon A. Simmons , CEO of Service Credit Union , has been elected chairman of the Defense Credit Union Council for the 2007-2008 term .",neutral,neutral,0.9320868253707886
Stock Exchange Release 10/3/2011 12:00 Sanoma has published its Annual Report and Financial Statements for 2010 and its first Corporate Responsibility Report .,neutral,neutral,0.9415083527565002
"Stockholm-based Nordea Bank ( STO : NDA ) said yesterday it had hired Casper von Koskull to lead its corporate merchant banking and capital markets unit , effective 1 September .",neutral,neutral,0.925458550453186
"Swedish , Finnish and Danish listed companies are organized in three market cap segments , Nordic Large Cap , Mid Cap and Small Cap .",neutral,neutral,0.9502730965614319
Symphony Services provides development services for Aldata GOLD .,neutral,neutral,0.9398503303527832
"Tekla provides 3D software for building and infrastructure engineering , with a focus on building information modelling of steel and concrete structures from design to construction .",neutral,neutral,0.9274631142616272
"Teleste 's hybrid TV solution includes components for the whole process of delivering video services to consumers from content acquisition and service creation to delivery through a range of access solutions , including HFC ( hybrid fibre-coaxial ) , xDSL , EttH , and FttH .",neutral,neutral,0.9120150804519653
The agreement is valid for four years .,neutral,neutral,0.8701877593994141
"The broker started UPM-Kymmene , Stora Enso and Sappi with ` equal-weight ' recommendations and Holmen and Norske Skog with ` underweight ' ratings .",neutral,neutral,0.871824324131012
"The business has sales of about ( Euro ) 35 million ( $ 44million ) , and has been responsible for sales and marketing of Lanxess 's paper chemicals business , which Kemira bought for ( Euro ) 88 million early this year ( CW , Jan. 11 , p. 22 ) .",neutral,neutral,0.9335486888885498
The business section also includes Ahlstrom 's sustainability report .,neutral,neutral,0.9461435675621033
The commission said the hydrogen peroxide and PBS market was worth about 470 million euros in 2000 .,neutral,neutral,0.9260163307189941
The company is presently examining whether the project would be financially feasible .,neutral,neutral,0.7555789351463318
The company is studying the feasibility of focusing most of its processed meat production in the Vantaa facilities and the processing of fresh meat in the Forssa facilities .,neutral,neutral,0.8268729448318481
The company specialises in temporary electrification and heating at construction sites .,neutral,neutral,0.9354107975959778
"The dividend is payable on February 1 , 2010 to shareholders of record on January 19 , 2010 .",neutral,neutral,0.9544669985771179
The EUR 0.7 million non-recurring expenses have been recorded for the third quarter .,neutral,negative,0.5354902744293213
The event can be followed on-line via Orion 's Finnish homepage at www.orion.fi as well as via the Kauppalehti Live web service at www.kauppalehti.fi/live .,neutral,neutral,0.9516781568527222
The Extraordinary General Meeting is expected to take place no later than 18 February 2011 .,neutral,neutral,0.9494690299034119
The first of the two project phases is expected to be completed by the end of 2012 .,neutral,neutral,0.8456912636756897
"The group intends to relocate warehouse and office space in Loudeac and Saint Marcel to Morvillars , in the east of the country , where it already operates a hook manufacturing and distribution unit .",neutral,neutral,0.795923113822937
"The Group owns and operates a fleet of more than 800dwt , while container capacity is 17,000 TEUs , and manages a diversified fleet of its own railway rolling stock of over 17,000 units .",neutral,neutral,0.9295185208320618
"The Hayward , Calif.-based target designs active , casual and dress footwear , as well as boots and sandals .",neutral,neutral,0.9385142922401428
"The Lemminkainen Group , headquartered in Helsinki , Finland operates in all sectors of the construction industry : civil engineering , building contracting , technical building services and the building materials industry .",neutral,neutral,0.9482161998748779
"The Marubeni Group focuses on creating `` value chain '' from upstream to downstream , encompassing a wide variety of business fields , including oil & gas , metals , mineral resources , foods , pulp & paper and chemicals , among others .",neutral,neutral,0.8784052729606628
The new B shares carry the right to dividend and other shareholder rights with effect from today .,neutral,neutral,0.9522421956062317
The office space will rise above the remodeled Cannon Street underground station .,neutral,neutral,0.5217890739440918
The Oxyview Pulse Oximeter is a common device to check patient blood-oxygen saturation level and pulse rate .,neutral,neutral,0.9292889833450317
The project is expected to be completed in 2009 .,neutral,neutral,0.8112102746963501
"The reason for this is St. Petersburg status as a capital , one of the participants in the meeting quoted Chikunov as saying .",neutral,neutral,0.8755928874015808
"The report goes on to provide detailed profiles of ten leading European specialty chemicals companies , and brief profiles of other major players .",neutral,neutral,0.9416252374649048
"The report profiles 614 companies including many key and niche players worldwide such as Black & Decker Corporation , Fiskars Corporation , Fiskars Brands , Inc. , Husqvarna Outdoor Products Inc. , K+S Group , Ryobi Technologies , Inc. , The Scotts Miracle-Gro Company , and Van Group , Inc. .",neutral,neutral,0.9240401983261108
"The report profiles 614 companies including many key and niche players worldwide such as Black & Decker Corporation , Fiskars Corporation , Fiskars Brands , Inc. , Husqvarna Outdoor Products Inc. , K+S Group , Ryobi Technologies , Inc. , The Scotts Miracle-Gro Company , and Van Group , Inc. .",neutral,neutral,0.9240401983261108
The server is responsible for managing devices and user accounts and a desktop client application enables remote access to the mobile phones .,neutral,neutral,0.9500997066497803
The share of the share capital of both above mentioned shareholders remains below 5 % .,neutral,neutral,0.7206112146377563
"The shares shall be repurchased through public trading , for which reason the shares are repurchased otherwise than in proportion to the holdings of the shareholders .",neutral,neutral,0.9529664516448975
"The subsidiary will be responsible for filter sales , local assembly of filters and after market services in China .",neutral,neutral,0.9489396810531616
The total value of the project is valued at SEK 30bn ( EUR 2.83 bn USD 3.81 bn ) .,neutral,neutral,0.9100266098976135
The trade is in accordance with the agreement announced on 26 March 2008 .,neutral,neutral,0.9142554402351379
The transaction is expected to be completed next spring .,neutral,neutral,0.9296577572822571
The writing and publication of Lemmink+ñinen -¦ s history is a continuation of earlier collaboration between Antti Tuuri and the company .,neutral,neutral,0.9344542622566223
"These products include Personal Communications products such as mobile phones and their parts , Home Communications products such as set-top boxes and electronics for flat panel TVs as well as Communications Networks products such as base-stations , tower-top amplifiers , and microwave systems .",neutral,neutral,0.9416916370391846
"To check them out or to make a bid they will be in the Deka Showroom , Fortitude Valley .",neutral,neutral,0.9491190910339355
Uponor maintains its full-year guidance for 2010 .,neutral,neutral,0.9270452260971069
"Utah 's capital wanted to be the next U.S. headquarters of Amer Sports Corp. , a ski-equipment company .",neutral,neutral,0.8911044597625732
What would you like to see changed on Nokia 's next attempt ?,neutral,neutral,0.9376506209373474
"When completed , the 120-meter Watchtower will be the highest building in Ireland .",neutral,neutral,0.5907606482505798
"Viking will pay EUR 130 million for the new ship , which will be completed in January 2008 .",neutral,neutral,0.6658453345298767
ASSA ABLOY Kaupthing Bank gave a ` neutral ' recommendation and a share price target of 174 crowns $ 24.7 - 19 euro on Swedish lock maker Assa Abloy AB .,neutral,neutral,0.7785108089447021
`` Our aim is to understand different traffic patterns based on the use of each building .,neutral,neutral,0.9280499219894409
`` Our Vaalipalvelu-service was especially developed for use by communities and organizations .,neutral,neutral,0.7978456020355225
"`` The industry is coming to an interesting fork in the road as both handset manufacturers and wireless carriers attempt to serve as the portal for Web-based service to your wireless handset , '' he wrote .",neutral,positive,0.4970451891422272
18:30 Dinner The conference program can also be viewed as a live audio webcast through the internet pages at www.citycon.com .,neutral,neutral,0.9512389302253723
A PLUMBING business has announced it is sponsoring a professional darts player .,neutral,neutral,0.8881756663322449
"A. Le Coq Special was developed for the bicentenary of the company and the trade mark , the brewer said .",neutral,neutral,0.8870779871940613
Another noticeable thing is that the search for Tata and Airtel brands was mostly related to ` broadband connections ' .,neutral,neutral,0.8790953159332275
Aspo has also investigated the sales opportunities of Kaukomarkkinat 's electronics business .,neutral,neutral,0.8918254971504211
"At the beginning of the subscription period on May 2 , 2006 the share subscription price under B option right is EUR 10.22 per share .",neutral,neutral,0.9526937007904053
Both Mr Walden and Mr Ignatius will be responsible also for the newspapers ' business result .,neutral,neutral,0.9433720111846924
Capitex Kalmar will continue to be responsible for the maintenance and technical development of the services .,neutral,neutral,0.9092835187911987
Changes to the as-built models from the design were communicated to the subcontractors to accommodate them into the steel and GRC glass reinforced concrete fabrication process .,neutral,neutral,0.8194622993469238
Customers in a wide range of industries use our stainless steel and services worldwide .,neutral,neutral,0.8449733257293701
Exel wants to serve its industrial customers with individual products .,neutral,neutral,0.8256741762161255
"Finnish bank Pohjola Bank Plc HEL : POH1S said today that it will issue a EUR 40 million USD 51.2 m index-linked bond , Pohjola Tutkimuksen Tahdet VIII-2010 Pohjola Research Stars VIII-2010 , on October 27 , 2010 .",neutral,neutral,0.8799787759780884
From Merisatama to the far corners of the world Asfaltti Osakeyhti+Â Lemmink+ñinen was established in 1910 by a group of master builders in Helsinki as a specialist business and subcontractor .,neutral,neutral,0.9208956360816956
"F-Secure , a developer of security solutions as a service through Internet Service Providers and mobile operators , announced results from its annual Online Wellbeing Survey .",neutral,positive,0.6710290908813477
"In 2008 , Kemira recorded revenue of approximately EUR 2.8 billion and had a staff of 9,400 .",neutral,neutral,0.9433827996253967
"In accordance with the terms and conditions of Alma Media 's 2006 option program , the share subscription price for the 2006A option rights was EUR 4.88 per share and the book countervalue EUR 0.60 per share .",neutral,neutral,0.9492589235305786
"In Penttil+ñ 's vision , the most important reason for the transaction is Russia .",neutral,neutral,0.9021997451782227
It also confirmed its earnings guidance for the whole 2009 issued in its report for the whole 2008 .,neutral,neutral,0.8232207298278809
It is hand-painted resin with real 14-0 trebles and is 75cm long by 25cm deep from top to bottom of the middle hook .,neutral,neutral,0.9430651664733887
"It is part of the development of the world-class magnetite deposit at Karara , which has the known potential for over 30 million metric tons of annual processing of magnetite over its estimated 30-year life .",neutral,neutral,0.7442057132720947
"It operates under three distinct brands : United Supermarkets , Market Street and United Supermercado .",neutral,neutral,0.9526550769805908
Kaupthing Bank will publish its annual results for 2007 before markets open on Thursday 31 January .,neutral,neutral,0.9187427163124084
"LONDON AFX - UK and European brokers ' recommendations issued today , as collated by AFX News from a range of market sources .",neutral,neutral,0.9407774806022644
The fine print is here .,neutral,neutral,0.9037494659423828
M. and a Master of Business Administration MBA .,neutral,neutral,0.8551404476165771
More than 80 special events in the three counties during four months were hosted by the library system and its nine branch libraries .,neutral,neutral,0.9318620562553406
Ms Laakso will be responsible for HKScan 's HR functions and for their development in all of the Group ` smarket areas .,neutral,neutral,0.8938301801681519
"New Delhi , July 17 -- Sahlberg Teppo , Kallio Timo and Mustonen Tuomas of M Real OYJ , Espoo , Finland have developed novel markings and methods of producing the same .",neutral,neutral,0.8962360620498657
"Nokia Siemens Networks provides mobile and fixed network infrastructure , communications and networks service platforms , as well as professional services , to operators and service providers .",neutral,neutral,0.9235361218452454
"Of these shares 29,659,239 are held by the Company or its group companies and the number of outstanding shares and voting rights attached to the shares thus amounts to 322,705,218 .",neutral,neutral,0.9552358388900757
"Outotec 's scope of delivery covers the engineering , supply of special equipment and services for a calcination plant with two circulating fluid bed calciners .",neutral,neutral,0.9350613951683044
"Outotec 's scope of delivery includes design , basic engineering and supply of proprietary equipment for a sinter plant with a grate area of 496 square meters .",neutral,neutral,0.9138574004173279
"Participants at any of the book discussions or other special events , or visitors to the car dealership were eligible to enter the drawing for the 2005 silver , four-door Altima .",neutral,neutral,0.9468672871589661
Peigs www.peigs.se will become part of Sardus Latta Maltider Light Meals unit .,neutral,neutral,0.9498334527015686
"Product coverage : baked goods ; biscuits ; breakfast cereals Data coverage : market sizes historic and forecasts , company shares , brand shares and distribution data .",neutral,neutral,0.9393113255500793
Quality chargers under CHARGZ brand are sold in selected retail stores and other sales locations world-wide .,neutral,neutral,0.9165287017822266
"S Group 's loyal customer magazine Yhteishyv+ñ came second with 1,629,000 readers and Sanoma Corporation 's daily newspaper Helsingin Sanomat was third with 1,097,000 readers .",neutral,neutral,0.7986138463020325
"SCOPI Chief Business Excellence Officer , Eng .",neutral,neutral,0.8815460801124573
Subject-matter of the invention furthermore is the use of the cyclone for separating partly molten particles . '',neutral,neutral,0.9269665479660034
"Taking a cue from the playbook of the East Dillon Lions , we 've created a special team of heavy-hitting style players , such as boot-cut jeans , tummy tops and , of course , cowboy boots .",neutral,neutral,0.8839722275733948
"Tekla 's defense business employs over 20 persons and is located in Espoo , Finland .",neutral,neutral,0.9454419612884521
"Tekla will organize an information meeting for analysts and media at WTC Helsinki Marski meeting room , Aleksanterinkatu 17 , the same day at 12:30 - 1:30 p.m. Light lunch will be served .",neutral,neutral,0.9504286646842957
"The Annual General Meeting approved that the yearly remuneration for the members of the Board of Directors shall remain at EUR 40.000 for the Chairman of the Board , EUR 30.000 for the Deputy Chairman of the Board and EUR 20.000 for other members of the Board .",neutral,neutral,0.941737711429596
"The board machine , which will have a wire width of 6.25 m and a design speed of 900 m-min , will produce close to 1,400 tonnes of folding boxboard per day .",neutral,neutral,0.8751091361045837
"The change in holdings in accordance with Chapter 2 , Section 9 of the Finnish Securities Markets Act is described below .",neutral,neutral,0.9462851881980896
"The company also appointed Leif Rosen head of the Special Plate unit which includes the quarto plate units in Degerfors , Sweden , and New Castle , USA , the unit in Willich , Germany , as well as Pressplate and Prefab in Avesta and Plate Service Centre Nordic in Degerfors .",neutral,neutral,0.9307952523231506
"The company designs , manufactures and markets advanced composite products for industrial applications and consumer goods such as cross-country , alpine and Nordic Walking poles , floorball sticks and antenna radomes .",neutral,neutral,0.9212715029716492
"The company is owned by the State of Finland and the European Aeronautic Defense and Space Company EADS N.V. Tekla is an international software company that provides solutions for building and construction , energy distribution and municipalities .",neutral,neutral,0.9295250177383423
"The company said that currently the French distribution unit Ragot is located in Loudeac , Normandy , the distribution unit Waterqueen and line supplier Tortue in Saint Marcel in mid-France and the hook manufacturing unit VMC and hook distribution unit VMC Europe in Morvillars .",neutral,neutral,0.9534942507743835
"The contractor of the shopping center , China State Construction Engineering Corporation , has previously built e.g. airports , hotels and factories for large international customers in different parts of the world .",neutral,neutral,0.8997787237167358
The corrected chapter is in its entirety below .,neutral,neutral,0.8940590023994446
The deal was worth about EUR 1.2 mn .,neutral,neutral,0.9241992235183716
The event can also be viewed as a live webcast at www.cargotec.com .,neutral,neutral,0.9506449699401855
The investment will be worth approximately EUR 100mn .,neutral,neutral,0.8926799297332764
The mill is concentrating on getting the supercalendered line running satisfactorily before restarting its older newsprint line .,neutral,neutral,0.834405243396759
The number of customers is one of the most important parameters in determining the price of electricity networks .,neutral,neutral,0.9382357001304626
The order was valued at over EUR15m .,neutral,neutral,0.8901768326759338
The order was valued at USD12 .2 m.,neutral,neutral,0.9239164590835571
The order was worth EUR 8mn .,neutral,neutral,0.9063188433647156
"The prerequisite for inclusion in the program and for receipt of any gains is that key employees acquire Aspo shares to the amount determined by the Board in advance , in the maximum .",neutral,neutral,0.9356361627578735
"The record date for dividend distribution is March 14 , 2008 .",neutral,neutral,0.9447108507156372
"The Samsung Mobile Applications Store was launched in January 2009 by Samsung Mobile Innovator , a program which enables mobile software developers to create applications for use across Samsung mobile devices .",neutral,neutral,0.8228138089179993
The solid fuel is heated before sludge is mixed therein . '',neutral,neutral,0.9454631805419922
"The study evaluated the safety , tolerability and pharmacokinetics of repeated doses of intravenously administered antibody in 26 patients with active plaque psoriasis .",neutral,neutral,0.7034023404121399
"The total donation amount is EUR 1,115,000 .",neutral,neutral,0.9280292987823486
"The total investment necessary will be EUR40m , the company estimated .",neutral,neutral,0.8816398978233337
The total project duration is three years and it is valued at some EUR11 .5 m.,neutral,neutral,0.9367528557777405
"The total scope of the project is about 38,000 square metres and it is valued at a total of around EUR75m .",neutral,neutral,0.9441259503364563
"They are responsible for their own operations , customer relationships , and the development of these .",neutral,neutral,0.9482066631317139
"This implementation is very important to the operator , since it is about to launch its Fixed-to-Mobile convergence service in Brazil see Brazil : 8 May 2006 : .",neutral,neutral,0.5109173059463501
This organization will assume the responsibility for operations in Russia .,neutral,neutral,0.9446166753768921
"Thus the group 's balance sheet will have about EUR 25.8 million of goodwill , the company added .",neutral,neutral,0.8873583078384399
"Thus the group 's balance sheet will have about EUR25 .8 m in goodwill for 2010 , the company added .",neutral,neutral,0.8078252673149109
Timo Penttila has been appointed new manager responsible for the asset management of Nordea 's institutional customers in Finland .,neutral,neutral,0.9073019623756409
"To see more of New Haven Register , or to subscribe to the newspaper .",neutral,neutral,0.9397648572921753
"Trading in the new shares , which have right to dividends and other distributions of funds , will start on the exchange in Helsinki tomorrow .",neutral,neutral,0.9549026489257812
"UPM-Kymmene www.upm-kymmene.com produces magazine papers and newsprint , as well as fine and specialty papers , converting materials and wood products .",neutral,neutral,0.9519258737564087
"Vehvilainen , who is currently the chief operating officer at Nokia Siemens Networks , will join Finnair on 5 January 2010 and take over as CEO effective 1 February 2010 .",neutral,neutral,0.9407669305801392
"Yara Suomi Ltd also provides nitrogen chemicals and technical nitrates to various sectors of industry , as well as products used in environmental protection .",neutral,neutral,0.9292078614234924
"Net sales of Finnish Sanoma Learning & Literature , of Finnish media group Sanoma , decreased by 3.6 % in January-June 2009 totalling EUR 162.8 mn , down from EUR 168.8 mn in the corresponding period in 2008 .",negative,negative,0.9763308167457581
"JP Morgan expects that Scala will lower Nobel Biocare 's growth forecast for 2007 from the current guidance of 23-25 pct , as well as the operating margin target from the current 34-35 pct .",negative,negative,0.964765727519989
"Furthermore , sales of new passenger cars and light commercial vehicles in the country declined by 5.4 % year-on-year last month .",negative,negative,0.9747927188873291
"Profitability ( EBIT % ) was 13.6 % , compared to 14.3 % in Q2 2009 .",negative,negative,0.7893966436386108
Sales of mid-strength beer decreased by 40 % .,negative,negative,0.9684639573097229
"Finnish lifting equipment maker Kone Oyj said on October 4 , 2007 it won an order worth 15 mln euro $ 21.2 mln to deliver a total of 53 custom designed elevators to Norwegian shipbuilder Aker Yards ASA .",positive,positive,0.9300391674041748
The company will make its marketing and sales investments initiated in 2009 even more efficient in 2010 .,positive,positive,0.8406134843826294
"The stock is trading above both its MAPs and the 50-day MAP of SEK72 .983 is higher than the 200-day MAP of SEK70 .283 , a bullish indicator .",positive,positive,0.9498918652534485
`` We are pleased with the efforts of both negotiating teams and look forward to a productive four years ahead . '',positive,positive,0.9447519183158875
"HELSINKI ( Thomson Financial ) - Kone said it has won four orders in Saudi Arabia , United Arab Emirates and Qatar worth 40 mln eur .",positive,positive,0.947655200958252
"( ADP News ) - Finnish handling systems provider Cargotec Oyj ( HEL : CGCBV ) announced on Friday it won orders worth EUR 10 million ( USD 13.2 m ) to deliver linkspans to Jordan , Morocco and Ireland .",positive,positive,0.9469502568244934
Merrill Lynch analyst Campbell Morgan upgraded his recommendation on PaperlinX from `` neutral '' to `` buy '' in May .,positive,positive,0.9463567137718201
"OUTOTEC OYJ PRESS RELEASE , FEBRUARY 19 , 2008 AT 11.00 AM Outotec has won two large minerals processing technology orders from Mirabela Mineracao do Brasil Ltda , Brazil and from Cumerio Med JSCo , Bulgaria .",positive,positive,0.9469181895256042
"Outotec said it won new orders worth 492.9 mln eur during the quarter , compared with 240.4 mln eur a year earlier .",positive,positive,0.9285207986831665
Raute said it has won an order worth around 15 mln eur to supply several plywood production lines to mills operated by Russian wood products company Sveza Group .,positive,positive,0.9413022398948669
"The brokerage said 2006 has seen a ` true turning point ' in European steel base prices , with better pricing seen carrying through the second quarter of 2006 .",positive,positive,0.9551773071289062
"This location makes the mall a convenient place to shop for consumers from three large residential areas nearby : Jaroszowka , Wysockiego and Zgody .",positive,positive,0.7834486365318298
"`` Lining stone sales were also good in the early autumn , and order books are strong to the end of the year .",positive,positive,0.9546849727630615
"`` This vessel order will help Aspo secure the long-term competitiveness of its fleet , both in terms of technology and pricing .",positive,positive,0.9284524917602539
15 December 2010 - Finnish-German telecoms equipment maker Nokia Siemens Networks said today it won a contract to upgrade the radio network of home-based telecommunications company Elisa Oyj HEL : ELI1V .,positive,positive,0.9491509795188904
Finnish KCI Konecranes has been awarded an order for four hot metal ladle cranes by Indian steel producer Bhushan Steel & Strips to be delivered in 2007 .,positive,positive,0.9464576840400696
"Vaahto Pulp & Paper , of Finnish Vaahto Group , has been awarded an order to renovate Finnish-Swedish forest industry company Stora Enso 's paperboard machine at the Ingerois Board Mill in Finland .",positive,positive,0.9425140619277954
"Combining the two producers will create a strong EU-based fertilizer industry capable of meeting global competition , they added .",positive,positive,0.9291833639144897
HELSINKI AFX - KCI Konecranes said it has won an order for four hot metal ladle cranes from Indian steel producer Bhushan Steel and Strips Ltd. .,positive,positive,0.9477390646934509
HELSINKI AFX - Outokumpu said its technology unit has won a 28 mln eur contract from Bosnia-Herzegovina 's Aluminij dd Mostar to upgrade an anode plant .,positive,positive,0.9530999064445496
"London 's leading shares today jumped almost 100 points , or 1.7 % , as the market opened .",positive,positive,0.9296152591705322
"Mika Stahlberg , VP F-Secure Labs , said , `` We are excited and proud that F-Secure has been recognized by AV-Comparatives as the Product of the Year .",positive,positive,0.9413323402404785
The policy was also aimed at making the companies more profitable and competitive .,positive,positive,0.7255439162254333
"Finland 's leading metals group Outokumpu said its fourth-quarter net profit more than tripled on the back of strong global demand for stainless steel , soaring base metal prices and proceeds from the sale of its technology unit .",positive,positive,0.9564996361732483
"The company has the poser , who wants to impress people with the latest handset .",neutral,neutral,0.9301953911781311
According to an  posted by the World Intellectual Property Organization : `` The present invention relates to hydrocarbons and particularly to the manufacture of hydrocarbon components suitable as aviation fuels or jet fuels and as blending stocks for aviation fuels .,neutral,neutral,0.9205144047737122
And that 's exactly what happened on a recent weekday when an East Haven baker was brought in to remind residents about the Easter tradition of making wheat and rice pies .,neutral,neutral,0.8743902444839478
Any investment or investment activity to which this communication relates is only available to relevant persons and will be engaged in only with relevant persons .,neutral,neutral,0.9478476643562317
"Fortum needs a clear signal of commitment from the Government that the permit is available before the company will start the next round , Kuula says .",neutral,positive,0.8227229118347168
"The add-on order contains , among others , control valves and instrumentation as well as complete mill engineering and electrification with Metso drive controls .",neutral,neutral,0.9185534715652466
The repurchase of the bonds was executed in the open market in accordance with section 7 f of the terms and conditions of the Convertible Bonds .,neutral,neutral,0.9510487914085388
Finnish Raute Precision that supplies weighing and dosing systems and plants is changing its name to Lahti Precision .,neutral,neutral,0.938141942024231
"Finnish Suominen Corporation that makes wipes , nonwovens , and flexible packaging , has a plant near Warsaw , in Poland , that makes flexible packaging .",neutral,neutral,0.9397612810134888
"France T+®l+®com spent more time studying TeliaSonera than other potential takeover targets because it has a shareholder that wants to sell , Pellissier said .",neutral,neutral,0.8745329976081848
"Supported Nokia phones include : N96 , N95-8GB , N95 , N93-N931 , N92 , N85 , N82 , N81 , N80 , N79 , N78 , N77 , N76 , N75 , N73 , N72 , N71 , E90 , E71 , E70 , E66 , E65 , E62 , E61-E61i , E60 , E51 , E50 , Touch Xpress 5800 , 6220 Classic , 6210 Navigator , 6120 Classic , 6110 Navigator , 5700 , 5500 , 5320XM .",neutral,neutral,0.9366477727890015
"The machine will have an annual production capacity of 200,000 tonnes of super-calendered magazine paper and other paper grades based on recovered fiber , Stora Enso said .",neutral,neutral,0.7534862756729126
The Moscow Metro ( www.mosmetro.ru ) was the first metro system in Europe to implement smart cards together with a new type of magnetic card in 1998 .,neutral,neutral,0.7676364183425903
"The total scholarship amount was 40,000 euros and the recipients were chosen on the recommendation of fine arts universities and sports associations .",neutral,neutral,0.9199008345603943
"An  of the invention , released by the Patent Office , said : `` A non-coherent search matrix is formed of said correlation function matrix .",neutral,neutral,0.9400695562362671
"As with other stakeholders , COMPTEL has been involved in the workshops , meetings and filed comments on the issues of greatest importance to the competitive sector of our industry .",neutral,neutral,0.82663494348526
"Patrick Jeambar will also continue being responsible for Innovation and Health , safety and environment HSEA functions of Ahlstrom Corporation .",neutral,neutral,0.9473196268081665
"Sanoma Learning & Literature , offering print and digital learning materials , is present in eleven countries .",neutral,neutral,0.903247058391571
"The Costanza light , with an aluminum base and washable shade , comes in white , pistachio , orange , blue and red .",neutral,neutral,0.9265879392623901
"The process , technology , project management , basic engineering and quality assurance within Forest Industry will be consolidated in Vantaa , southern Finland .",neutral,neutral,0.9526886940002441
"The tests , conducted at Nokia Siemens ' LTE center of competence in Espoo , Finland , follow the company 's production start of LTE-ready Flexi Multiradio Base Stations for the 800 MHz band in April 2010 , and complement earlier tests with Nokia on the 2100 MHz and 2600 MHz bands .",neutral,neutral,0.8352958559989929
"Shares in Royal and Sun Alliance continued to slide back from a 12-month high of 172p last month , after a potential suitor ruled itself out of a takeover bid .",negative,negative,0.9754182696342468
"Managing Director 's comments : `` Net sales for the first quarter were notably lower than a year before , especially in Finland , Russia and the Baltic countries .",negative,negative,0.973159909248352
"Sales climbed 19.2 pct to 1.002 bln eur , surpassing the 953 mln eur consensus figure .",positive,positive,0.9516531229019165
"Suominen Corporation estimates that the cost-cutting program that started in autumn 2005 , higher sales prices , and expected growth in volume of Wet Wipes , will make the company 's operations more profitable .",positive,positive,0.9526933431625366
Finnish OKO bank has signed a cooperation agreement with Raiffeisen concerning Finnish companies ' investments in Russia .,positive,positive,0.9320018887519836
"Cooper SH , the UK distributor for lift equipment manufacturer Konecranes , won the five-year deal which involves low maintenance and fuel saving technologies .",positive,positive,0.8789883852005005
"After the reporting period , BioTie North American licensing partner Somaxon Pharmaceuticals announced positive results with nalmefene in a pilot Phase 2 clinical trial for smoking cessation .",positive,positive,0.9427525997161865
"`` This is a significant milestone for Benefon , helping us to secure critical USP 's for our personal navigation product roadmap for 2007 and beyond , '' commented Simon Button , Chief Technology Officer at Benefon .",positive,positive,0.945440411567688
"Investors will continue being interested in the company 's share although it is not quite cheap , Affarsvarlden said .",positive,positive,0.8412096500396729
"`` Each year , personal entertainment plays a more significant role in determining whether a fitness facility 's workout experience is pleasurable or a chore , '' said Brian Wilson , director of marketing for Precor 's Entertainment & Services Division .",neutral,neutral,0.8721078038215637
The agreement must be approved by the Russian competition authorities before it enters into force .,neutral,neutral,0.8313321471214294
The total amount of subscription prices was recorded in the fund for invested non-restricted equity .,neutral,neutral,0.9515122175216675
"Before Kemira 's installation NordAlu was producing 3,500 tons of liquid and solid aluminum waste per year .",neutral,neutral,0.9260623455047607
Mr Skogster currently serves as the manager responsible for ABB Oy 's system modules for low voltage drives .,neutral,neutral,0.946031928062439
- Counter your competitor 's strengths and target their weaknesses .,neutral,neutral,0.8907817006111145
"Founded in 2000 , BioView automates laboratory tests , especially diagnostic tests for cancer .",neutral,neutral,0.8906675577163696
"The five-storey , eco-efficient building will have a gross floor area of about 15,000 sq m. It will also include apartments .",neutral,neutral,0.8677778244018555
"The Stena Poseidon is a so-called Panamax tanker , designed to be able to pass through the narrow passages in the Panama Canal 's locks .",neutral,neutral,0.8138573169708252
"Markets had been expecting a poor performance , and the company 's stock was up 6 percent at  x20ac 23.89 US$ 33.84 in early afternoon trading in Helsinki .",positive,positive,0.9546211361885071
"Excluding non-recurring items , pre-tax profit surged 45 % to EUR80m .",positive,positive,0.9576560258865356
"ADP News - Feb 13 , 2009 - Finnish retailer Kesko Oyj HEL : KESBV said today its total sales , excluding value added tax VAT , stood at EUR 661.3 million USD 853.1 m in January 2009 , down 15.2 % year-on-yea",negative,negative,0.976326584815979
"Talentum expects that the net sales of its core business will increase in 2008 , compared to 2007 .",positive,positive,0.9584667086601257
"According to PKC , the acquisition would bring a significant addition to PKC 's customer base .",positive,positive,0.9177647233009338
"At the end of the review period , Nordic Aluminium 's order book stood at EUR 8.77 mn compared to EUR 7.04 in 2005 .",positive,negative,0.6988260746002197
Both the net sales and operating profit were record high in the company 's history .,positive,positive,0.9418883323669434
"Favourable currency rates also contributed to higher net sales , '' CEO Kari Kauniskangas said .",positive,positive,0.9574507474899292
"Fiskars , a 360-year-old global business best known for its orange-handled scissors , expects to derive synergies of EUR5 million a year by consolidating certain parts of the housewares division where the two compete .",positive,positive,0.6864585876464844
"Full-year net sales are expected to increase by approximately 10 % , the company said .",positive,positive,0.9486953616142273
"in Q1 '10 19 April 2010 - Finnish forest machinery and equipment maker Ponsse Oyj HEL : PON1V said today that it expects to swing to a net profit of some EUR6 .3 m in the first quarter of 2010 , from an EUR9 .6 m loss a year earlier .",positive,positive,0.9497298002243042
"India 's trade with Russia currently stands at four billion dollars , growing 9.6 per cent in fiscal 2007 .",positive,positive,0.8530507683753967
"Lithuanian beer makers sold 256.88 million liters of beer in 2005 , a rise of 4.5 per cent from the year-earlier figure of 245.92 million liters .",positive,positive,0.9533491730690002
Net sales revenue per passenger is expected to increase .,positive,positive,0.9534491896629333
Return on investment was 16.6 % compared to 15.8 % in 2004 .,positive,negative,0.9106683731079102
The company moved to an operating profit of EUR10 .9 m versus an operating loss of EUR15 .3 m. It also turned to EPS of EUR0 .08 versus loss per share of EUR0 .04 .,positive,positive,0.939152717590332
"The price of raw material aluminium went up at the end of 2005 , but the company considers its outlook for 2006 favourable .",positive,positive,0.9536904692649841
"The refining margin for the year was $ 13.39 - bbl , compared to $ 10.46 - bbl in the prior year .",positive,positive,0.6437612175941467
Viking Line manages well with its current ferries .,positive,positive,0.9432083964347839
SCANIA Morgan Stanley lifted the share target on Swedish heavy-duty truck and bus maker Scania AB to 330 crowns ( $ 42.4 - 35.2 euro ) from 310 crowns ( $ 39.8 - 33.1 euro ) .,positive,positive,0.9478195905685425
` Very recommendable ' is the Nokian Z G2 according to the ` ADAC judgement ' in the latest summer tyre test of the German automobile association ADAC .,positive,positive,0.8038007616996765
Finnish Vacon has signed significant deals with Norwegian Scandinavian Electric Systems ( SES ) on the supply of AC drives .,positive,positive,0.9479840993881226
Finnish-Swedish TietoEnator is expanding its business quickly in Russia .,positive,positive,0.8686217665672302
"H+Ñkan Dahlstr+Âm , head of mobility services at TeliaSonera , has forecast that mobile data volume on the TeliaSonera network in Sweden will rise eight-fold to 200,000 TB by 2014 .",positive,positive,0.9509669542312622
"Cost savings will then rise to some 20 mln eur a year from 2007 , OKO said .",positive,positive,0.9482743144035339
Finnish elevators and escalators maker KONE Corporation said on Tuesday ( 18 March ) that it has received a major order from Sir Robert McAlpine to supply all elevators and escalators for the Watermark Place project in the City of London .,positive,positive,0.9417270421981812
"For Q2 2010 , consolidated earnings before tax totaled EUR4 .5 m , compared to EUR3 .9 m , and net profit was EUR3 .2 m , compared to EUR2 .9 m in the previous year .",positive,positive,0.4988996088504791
"In 2008 , the deal is likely to bring savings of EUR 20mn-25mn .",positive,positive,0.9409335255622864
"In Middle East & North Africa , Tecnotree has grown considerably in the recent years .",positive,positive,0.9106463193893433
in Q1 2010 18 May 2010 - Finnish electrical components maker Salcomp Oy ( HEL : SAL1V ) said today it turned to a net profit of EUR1 .6 m in the first quarter of 2010 versus a loss of EUR2m in the corresponding period last year .,positive,positive,0.9429172873497009
"In the end of 2006 , the number of outlets will rise to 60-70 .",positive,positive,0.8272424340248108
"In the first quarter of 2010 , the mark-to-market result was a pretax profit of EUR 133 million versus a loss of EUR 32 million in the same period last year .",positive,positive,0.9403046369552612
Incap Contract Manufacturing Services Private Limited has inked agreements with six new customers in India .,positive,positive,0.9445655345916748
It also said its third quarter diluted EPS came in at 0.34 eur compared with 0.16 eur in the same quarter a year ago .,positive,positive,0.6948264837265015
It also turned in earnings per share ( EPS ) of EUR 0.44 versus loss per share of EUR 2.26 .,positive,positive,0.9502317905426025
It also turned to earnings per share ( EPS ) of EUR 0.08 versus loss per share of EUR 0.04 .,positive,positive,0.7861512899398804
It will also strengthen Ruukki 's offshore business .,positive,positive,0.9318979382514954
"Last week , the Finnish metals and technology group announced plans to sell more than 80 percent of its technology unit to further the company 's strategic goal of becoming the world 's largest stainless steel maker .",positive,positive,0.7915520071983337
"MANAVIGATOR-September 7 , 2010-Kemira unveils Indian JV with IVRCL Finnish chemicals group Kemira ( HEL : KRA1V ) on Tuesday announced it has inked a deal to form a joint venture in India with local construction firm IVRCL Infrastructure and Projects Ltd ( BOM :530773 ) .",positive,positive,0.9123321175575256
M-real 's sales are expected to have increased by 4 % year-on-year to EUR609m in the second quarter of 2010 .,positive,positive,0.9555349349975586
"Neste oil 's board proposed 1.00 eur dividend for the full-year 2007 , compared with 0.90 eur a year ago .",positive,positive,0.8866353034973145
"Net interest income totaled EUR 15.9 mn , compared to EUR 15.6 mn a year earlier .",positive,positive,0.6251323819160461
Net profit was 35.5 mln compared with 29.8 mln .,positive,positive,0.5254608392715454
Net sales in 2007 are expected to be 10 % up on 2006 .,positive,positive,0.9567500948905945
"Operating loss was EUR 179mn , compared to a loss of EUR 188mn in the second quarter of 2009 .",positive,negative,0.9715364575386047
"Operating profit was EUR 9.8 mn , compared to a loss of EUR 12.7 mn in the corresponding period in 2009 .",positive,positive,0.8745725750923157
"Pre-tax loss totaled EUR 0.3 mn , compared to a loss of EUR 2.2 mn in the first quarter of 2005 .",positive,negative,0.5936278104782104
"Pretax profit totalled EUR 2.0 mn , compared to a loss of EUR 159.2 mn in the fourth quarter of 2008 .",positive,positive,0.8849399089813232
"Previously , EB delivered a custom solution for LG Electronics and now is making it commercially available for other mobile terminal vendors as well as to wireless operators .",positive,neutral,0.7646739482879639
Rapala said it estimates it will make savings of 1-2 mln eur a year by centralising its French operations at one site .,positive,positive,0.9134544134140015
"Re-use back into PET bottles has also steadily increased and the rate of use in strapping tape has picked up again after a dip in 2005 , Petcore said previously .",positive,positive,0.9504228830337524
"Sales are expected to increase in the end of the year 2006 , however .",positive,positive,0.9532482028007507
Satama 's net sales would be higher than the year before .,positive,positive,0.9529557228088379
"Systeemitiimi 's sales and project resources will also be strengthened , director Paul Skogberg said .",positive,positive,0.9574609994888306
The actions are expected to deliver annual cost savings of some EUR15-20m .,positive,positive,0.9496346116065979
The company is well positioned in Brazil and Uruguay .,positive,positive,0.726449191570282
The company reports a loss for the period of EUR 0.4 mn compared to a loss of EUR 1.9 mn in the corresponding period in 2005 .,positive,negative,0.9565979242324829
The company turned to earnings per share ( EPS ) of EUR 0.03 versus loss per share of EUR 0.01 .,positive,positive,0.9089799523353577
"The fourth quarter saw Rapala swing back to a pretax profit of 1.5 mln eur from a year earlier loss of 1.2 mln on the back of a 30 pct uplift in sales to 44.8 mln eur , and a stronger performance in North America .",positive,positive,0.9499357342720032
The soapstone deposits in the Medvezhyegorsk area are expected to increase Tulikivi 's current reserves considerably .,positive,positive,0.9523037075996399
These measures are expected to produce annual cost savings of EUR 1.5 million starting in 2007 .,positive,positive,0.9297787547111511
This will bring cost savings of about EUR 3mn a year .,positive,positive,0.9331372380256653
"Via the move , the company aims annual savings of some EUR3m , the main part of which are expected to be realized this year .",positive,positive,0.94120192527771
"2010 16 July 2010 - Finnish steel maker Rautaruukki Oyj HEL : RTRKS , or Ruukki , said today it turned to a net profit of EUR20m in the second quarter of 2010 from a net loss of EUR94m in the corresponding period last year .",positive,positive,0.9433388710021973
28 October 2010 - Finnish wood products technology supplier Raute Oyj HEL : RUTAV said today it swung to a net profit of EUR3m for the first nine months of 2010 versus a net loss of EUR5 .2 m for the same period a year earlier .,positive,positive,0.9398723840713501
"3 February 2011 - Finnish broadband data communication systems provider Teleste Oyj HEL : TLT1V said yesterday its net profit rocketed to EUR4 .8 m in 2010 from EUR416 ,000 in 2009 and it lifted its dividend proposal .",positive,positive,0.9397504329681396
"4 February 2011 - Finnish broadband data communication systems provider Teleste Oyj HEL : TLT1V said Wednesday its net profit rocketed to EUR4 .8 m in 2010 from EUR416 ,000 in 2009 and it lifted its dividend proposal .",positive,positive,0.9393892884254456
"Cargotec Corporation , Press Release , August 26 , 2008 at 10 a.m. Finnish time Cargotec 's MacGREGOR business area providing marine cargo handling and offshore load handling solutions has received significant offshore crane retrofit order .",positive,positive,0.9438158869743347
"EBIT totalled EUR 14.4 mn , compared to a loss of EUR 0.3 mn in the corresponding period in 2009 .",positive,positive,0.9020430445671082
"Finnish broadband data communication systems provider Teleste Oyj HEL : TLT1V said yesterday it returned to a net profit of EUR 2.7 million USD 3.8 m for the first nine months of 2010 versus a net loss of EUR 579,000 for the same period of 2009 .",positive,positive,0.9319615364074707
Finnish consumer packaging manufacturer Huhtamaki Oyj said it swung to a net profit of 84.1 mln euro $ 105.6 mln in the first nine months of 2006 from a net loss of 2.6 mln euro $ 3.3 mln in the same period of 2005 .,positive,positive,0.9485042095184326
"Finnish dental care group Oral Hammaslaakarit Oyj posted a total net profit of 849,000 euro $ 1.1 mln in the first nine months of 2006 versus a net loss of 331,000 euro $ 421,000 in the same period of 2005 .",positive,positive,0.8774185180664062
"Finnish IT consultancy Satama Interactive Oyj posted a net profit of 1.4 mln euro $ 2.0 mln for the first nine months of 2007 , compared to a net loss of 462,000 euro $ 664,000 for the same period of 2006 .",positive,positive,0.7675505876541138
"Finnish pulp and paper machinery maker Vaahto Group Oyj swung to a 1.1 mln euro $ 1.4 mln net profit in the fiscal 2005-06 , ended August 31 , 2006 , from a 249,000 euro $ 319,000 net loss in the fiscal 2004-05 .",positive,positive,0.9169296622276306
Finnish silicon wafers manufacturer Okmetic Oyj said it swung to a net profit of 4.9 mln euro $ 6.3 mln in the first nine months of 2006 from a net loss of 1.8 mln euro $ 2.3 mln a year earlier .,positive,positive,0.9479690194129944
"In the second quarter of 2010 , the company 's net profit was EUR1 .7 m compared to a net loss of EUR1 .3 m in April-June 2009 .",positive,positive,0.7615023851394653
It therefore seems that Finnish shipping company Viking Line will get the subsidy it needs to order its new LNG-fuelled vessel .,positive,positive,0.9442554712295532
"Jarmo Honkamaa , head of the oil refining business at Neste Oil , says the situation looks promising from their viewpoint .",positive,positive,0.9343752264976501
"ADP News - Feb 25 , 2009 - Finnish printed circuit board PCB maker Aspocomp Group Oyj HEL : ACG1V said today it swung to a net profit of EUR 300,000 USD 385,000 for 2008 versus a net loss of EUR 65.3 million",positive,positive,0.9410326480865479
"ADP News - Nov 6 , 2008 - Finnish retail software developer Aldata Solution Oyj OMX : ALD1V said today that it swung to a net profit of EUR 2.1 million USD 2.7 m for the first nine months of 2008 versus a net loss of EU",positive,positive,0.9465920925140381
"Mformation and Nokia noted they have established interoperability agreements that cover commercially proven , standards-based management of mobile devices , as well as mobile device security and mobile application management .",positive,positive,0.8838309049606323
"mn , and pretax profit to EUR 46.4 mn from EUR 35.8 mn in the third quarter of 2006 .",positive,positive,0.9386220574378967
"Net sales will , however , increase from 2005 .",positive,positive,0.956814706325531
Operating profit totaled EUR 17.7 mn compared to EUR 17.6 mn in the corresponding period in 2007 .,positive,negative,0.6354566812515259
"Profit after taxes was EUR 0.1 mn , compared to EUR -0.4 mn the previous year .",positive,positive,0.4966883361339569
Profit for the period was EUR 15.6 mn compared to EUR 14.1 mn in 2007 .,positive,negative,0.7421154379844666
"Quarterly diluted EPS on continuing operations came in at 0.21 eur , compared with last year 's 0.12 eur .",positive,positive,0.6778070330619812
"Raute posted a net profit of 1.8 mln euro $ 2.6 mln for the third quarter of 2007 , compared to a net loss of 299,000 euro $ 430,000 for the corresponding period of 2006 .",positive,positive,0.649964451789856
Return on equity stood at 18.3 % compared to 15.4 % in the third quarter of 2005 .,positive,negative,0.8036091923713684
"Russian export duties will activate harvesting in Finland , and sales in Russia will increase also .",positive,positive,0.944668710231781
The company expects net sales to significantly increase from 2009 .,positive,positive,0.9534193873405457
"The company 's net profit amounted to EE 55.5 mn , which was 36 % more than in 2004 .",positive,positive,0.8573358654975891
The optimization of the steel components heating process will reduce the energy consumption .,positive,positive,0.8757594227790833
This new partnership agreement represents a significant milestone for both parties .,positive,positive,0.9293786287307739
"Tiimari Latvian representative Ineta Zaharova said that the company earned LVL 122,000 in 2005 profit , which is 20 times more that in 2004 .",positive,positive,0.9312808513641357
"- Inge Larsen (CFO), 29,045 shares , representing 0.50 % of the share capital .",neutral,neutral,0.9536261558532715
The forecast for 2012 is 3.3 % .,neutral,neutral,0.8833131790161133
"The share capital of Alma Media Corporation (business ID 1944757-4)is EUR 45,031,513.80 and it is divided into 75,052,523 shares .",neutral,neutral,0.9552425742149353
The company is listed on the Nordic Exchange in Helsinki .,neutral,neutral,0.9543236494064331
"Incap Contract Manufacturing will carry out the manufacturing for these agreements at its factory in Tumkur , near Bangalore .",neutral,neutral,0.9203636050224304
"It will be operated by Nokia , and supported by its Nokia NetAct network and service management system .",neutral,neutral,0.8809974193572998
Comptel Corporation will publish its financial statements for 2008 on 12 February 2009 .,neutral,neutral,0.9509286880493164
The shops are located in the capital region and the Paijat-Hame region .,neutral,neutral,0.9452840685844421
The annual net sales of the unit is some EUR 5 million and it currently employs some 55 people .,neutral,neutral,0.9427024722099304
"On the following workday customers can check from their home computers how their purchases are divided between different ingredient groups , how much energy various products contain and what is the nutritional content of all purchases .",neutral,neutral,0.9496864676475525
Name of Company in which holdings have been acquired : Citycon Oyj 2 .,neutral,neutral,0.951845645904541
"BasWare is headquartered in Espoo , Finland .",neutral,neutral,0.9422269463539124
"The store is located in Poznan in a shopping center named Pestka , the company added .",neutral,neutral,0.919400691986084
"The other seats would go to Edgar Edmonds , an American with experience of the clothing and retail industry , and Christian Fischer , an Austrian with experience in the winter sports goods business .",neutral,neutral,0.919802188873291
"Ahlstrom 's 5,700 employees serve customers via sales offices and production facilities in more than 20 countries on six continents .",neutral,neutral,0.9204288125038147
"Raute , headquartered in Nastola , Finland , is a technology company serving the wood products industry worldwide .",neutral,neutral,0.9127198457717896
"According to latest information , Benefon will launch its Twig device on 20 September 2006 .",neutral,neutral,0.9128530025482178
He will report to CapMan Plc 's CEO Heikki Westerlund .,neutral,neutral,0.9415697455406189
The price will be specified at the completion date .,neutral,neutral,0.9543033242225647
A total of $ 78 million will be invested in the project .,neutral,neutral,0.8594934344291687
"Finnish IT consultancy Satama Interactive Oyj said on November 13 , 2006 that Jarmo Lonnfors took up the position of CEO .",neutral,neutral,0.9394902586936951
"` Nordea 's definitely too big for Sampo to acquire , ' said an analyst ` But Sampo would appear to have an agenda for Nordea ahead of the privatisation .",neutral,neutral,0.9040298461914062
`` There is no room to modify the share component as we have already indicated . '',neutral,neutral,0.9200215935707092
`` We could be there .,neutral,neutral,0.8687193989753723
"1 p.m. Central office of Nordea Bank 19 3-ya ulitsa Yamskogo Polya , Building 1 Telephone : 495 777-34-77 ext. 3932 , 3931 03.02.2011 Unimilk - EGM 03-04 .02.2011 XVI international business-summit Food Business Russia 2011 will take place .",neutral,neutral,0.9501006603240967
"128,538 shares can still be subscribed for with Series E share options , max .",neutral,neutral,0.9397939443588257
"561,470 new shares under 2003 option rights plan Packaging company Huhtamaki Oyj reported on Monday that a total of 561,470 new shares of the company have been issued based on share subscriptions under its 2003 option rights plan .",neutral,neutral,0.9409581422805786
"A meeting for the media and analysts will be held on the same day at 10:30 a.m. at Stonesoft Headquarters in Helsinki , Italahdenkatu 22 A. The Interim report will be presented by Stonesoft 's CEO Ilkka Hiidenheimo .",neutral,neutral,0.9409971833229065
A meeting of Glisten shareholders to vote on the bid will be held on 12 March .,neutral,neutral,0.9458064436912537
"A replay will be available until 27 October 2006 in the following numbers : US callers : +1 617-á801-á6888 , non-US callers : +44 20 7365 8427 , access code : 2659 5401 .",neutral,neutral,0.9547008872032166
"About 36 % of this came from Aspo Chemicals , 39 % from Aspo Shipping and 25 % from Aspo Systems .",neutral,neutral,0.9490102529525757
"About 72 % of Evraz Group shares are owned by Lanebrook , whose beneficiaries , on the one hand , are Millhouse , the holding company for the assets of billionaire Roman Abramovich and his business partners 50 % ; and Evraz executives Alexander Abramov and Alexander Frolov 50 % , on the other .",neutral,neutral,0.955204427242279
Aker Yards Finland will begin using Chinese subcontractors at its Finnish shipyards .,neutral,neutral,0.8392845392227173
Finnish food industry company L+ñnnen Tehtaat is planning changes to its fish product business .,neutral,neutral,0.9170702695846558
"According to business media reports , Usmanov planned to transfer his MegaFon stake to the state-controlled Svyazinvest , in exchange for a stake in the merged RosTelecom .",neutral,neutral,0.9349814653396606
"According to Gallup Food and Farm Facts , beef consumption totaled 99mn kilos in Finland in 2007 .",neutral,neutral,0.9185836911201477
"According to the company , a decision in the issue will be made in the summer of 2010 , at the earliest , and in the summer of 2011 , at the latest .",neutral,neutral,0.9512955546379089
"According to the Finnish-Russian Chamber of Commerce , all the major construction companies of Finland are operating in Russia .",neutral,neutral,0.9479060173034668
"According to the notification , the holdings of Ameriprice Inc. and its group companies are now in total 808,973 shares , which represent 3.582 % of Tekla -¦ s shares and voting rights .",neutral,neutral,0.9517787098884583
"After the sale , Savcor Group Ltd will comprise Savcor ART , a corporate function and an investment in Cencorp Corporation .",neutral,neutral,0.9522693157196045
Ahlstrom 's share is quoted on the NASDAQ OMX Helsinki .,neutral,neutral,0.9476887583732605
Ahlstrom 's share is quoted on the NASDAQ OMX Helsinki .,neutral,neutral,0.9476887583732605
All YIT Capital Markets Day materials will be available on the company 's Internet site at www.yitgroup.com/investors at 10:30 on September 26 .,neutral,neutral,0.9547737836837769
"Alma Media holds 70 % of this company , the remaining shares being owned by the company 's key employees .",neutral,neutral,0.9565230011940002
Almost the entire office building will be occupied by Metso .,neutral,neutral,0.9579565525054932
Also the development of online businesses will continue .,neutral,neutral,0.6807832717895508
As a part of the agreement 10 employees from the John Deere Forestry documentation functions will transfer to DokuMentori Oy .,neutral,neutral,0.9264466762542725
"As an alternative to the share exchange , Panostaja offers a full cash consideration at the value of 1.27 euro $ 1.7 per share .",neutral,neutral,0.9120065569877625
at 9:00 EET Alma Media 's Annual Report for 2009 is scheduled to be published in calendar week 9 .,neutral,neutral,0.9436063170433044
"At end-August , Sampo was Nordea 's biggest shareholder with a 20.6 % stake , followed by the state with 19.9 % .",neutral,neutral,0.9421917200088501
"At first , Solteq 's services to companies operating in the St. Petersburg area will include maintenance and material management systems and data collection solutions .",neutral,neutral,0.8604823350906372
Autotank Group is part of Aspo 's Systems Division .,neutral,neutral,0.9530380964279175
"Before FKI , John Jiang has worked in several general manager or senior business consultant positions for international companies in China .",neutral,neutral,0.9401483535766602
"Bids or offers include at least 1,000 shares and the value of the shares must correspond to at least EUR4 ,000 .",neutral,neutral,0.9575026631355286
"CapMan said the deal 's effect on its cash flow for 2009 totals EUR3 .4 m , but the transaction would not affect its financial results for 2009 as it was executed at fair value .",neutral,neutral,0.83845055103302
Catalysts segment includes refinery catalysts and polyolefin catalysts product categories .,neutral,neutral,0.9484614133834839
"Componenta is a metal sector company with international operations and production plants located in Finland , the Netherlands , Sweden and Turkey .",neutral,neutral,0.9387364387512207
"Consisting of seven interconnected units , Mega Image 's logistics center will be 347 metres in length and 12 metres in height .",neutral,neutral,0.9017454385757446
"Construction work on the Helsinki Music Centre is to start this autumn , with the total cost of the project estimated at 140 million euros .",neutral,neutral,0.9112840890884399
COPYRIGHT AFX News and AFX Financial News Logo are registered trademarks of AFX News Limited,neutral,neutral,0.926708996295929
"Cramo , headquartered in Vantaa , Finland , rents construction machinery and equipment , as well as rents and sells modular space .",neutral,neutral,0.9465647339820862
Currency conversions are based on exchange rates at the time of the deal .,neutral,neutral,0.9504357576370239
"Currently the Terminator lures are produced in a subcontract facility in Mexico but the manufacturing will be transferred to Rapala 's factory in Shenzhen , China .",neutral,neutral,0.9338214993476868
"Destia Oy is a Finnish infrastructure and construction service company building , maintaining and designing traffic routes , industrial and traffic environments , but also complete living environments .",neutral,neutral,0.9406518340110779
"Digia will also set up two subsidiaries , Digia Norway AS and Digia USA Inc. .",neutral,neutral,0.9303917288780212
Each share is entitled to one vote .,neutral,neutral,0.9462613463401794
Each year the dividend is deducted from the subscription price .,neutral,neutral,0.9180764555931091
Earnings per share EPS amounted to EUR0 .01 .,neutral,neutral,0.9109904766082764
Elcoteq has a global network of After Market Service sites which have a long experience in serving Consumer Electronics and Systems Solutions customers .,neutral,neutral,0.7371379137039185
Elcoteq SE is listed on the Nasdaq OMX Helsinki Ltd. .,neutral,neutral,0.9493439197540283
Electronic versions require 24-48 hours as each copy is customized to the client with digital controls and custom watermarks .,neutral,neutral,0.9454630613327026
"Elisa Corporation will disclose its financial statements for 2006 on Thursday , 8 February 2007 .",neutral,neutral,0.9515895247459412
"Erkki Jarvinen , President of Rautakirja and the head of the Sanoma Trade division , will leave his current tasks in spring 2009 for a similar position outside the Sanoma Group .",neutral,neutral,0.9096755981445312
"Ethanol would be made from barley , and production could start in 2008 .",neutral,neutral,0.8978655338287354
"EXEL COMPOSITES IN BRIEF Exel Composites is a technology company which designs , manufactures and markets composite profiles and tubes for industrial applications .",neutral,neutral,0.9392538666725159
Exel is headquartered in Mantyharju in Finland .,neutral,neutral,0.9461659789085388
Fancy Dans on the move FAB Glasgow gift and interiors store Fancy Dans is moving !,neutral,neutral,0.8952082395553589
"Financial Statements include the consolidated financial statements of the Group , the Board of Directors ' Report , the Auditors ' Report and the Corporate Governance Statement .",neutral,neutral,0.9458364248275757
"FinancialWire tm is not a press release service , and receives no compensation for its news , opinions or distributions .",neutral,neutral,0.9329522848129272
Finnish Bank of +àland will launch its long-term pension savings account at the beginning of June 2010 .,neutral,neutral,0.9073595404624939
"Finnish Sampo-Rosenlew manufactures approximately seven forest machines monthly , and about half of machines are exported .",neutral,neutral,0.9384109973907471
Finnlines has six ships under construction in China with deliveries scheduled between the first quarter of 2011 and the final quarter of 2012 .,neutral,neutral,0.874746561050415
Finnlines will announce in week 17 of 2006 what measures it will take to tackle the situation .,neutral,neutral,0.6305356025695801
"Following the issue , the new shares will constitute 10 percent of the firm 's capital .",neutral,neutral,0.9303228855133057
"Founded in 1923 , Finnair is one of the world 's oldest airlines and flies to 60 destinations with a fleet of 63 aircraft , employing 9,500 people .",neutral,neutral,0.8850626349449158
"Glaston 's share GLA1V is listed on the NASDAQ OMX Helsinki , Mid Cap List .",neutral,neutral,0.9502751231193542
Grounds for the notification : Tiimari Plc 12/30/2010 issued Capital Convertible Loan allocation decision by the Board on 01/31/2011 .,neutral,neutral,0.9364101886749268
GyPSii service supports ten different languages including Korean and Russian .,neutral,neutral,0.9359481930732727
He confirmed his view on July 6 .,neutral,neutral,0.9041481614112854
"However , the offering will probably not be made at the current valuation , which partly derives from the deal in which the company was merged into a stock market shell .",neutral,neutral,0.9530072212219238
"HUHTAMAKI OYJ STOCK EXCHANGE RELEASE , 16.9.2008 AT 13.32 Huhtamaki 's Capital Markets Day for institutional investors and analysts is held in Espoo , September 16 , 2008 starting at 13.30 pm Finnish time .",neutral,neutral,0.9483705759048462
"If Honkarakenne starts production there , it will need a partner for sawmill operations .",neutral,neutral,0.8518494367599487
"In addition to the Tulikivi Corporation , he is also currently a member of the Board of the following companies : Altia Corporation , J+ñrvi-Suomen Portti Osuuskunta , Osuuskunta KPY , Profile Vehicles Oy and Voimatel Oy .",neutral,neutral,0.9483848214149475
"In future , the plant will focus on the production of flange profiles for wind farm towers .",neutral,neutral,0.8492124676704407
"Incap Corporation Stock Exchange Announcement 29 April 2010 at 1 p.m. INVITATION TO A NEWS CONFERENCE ON INCAP 'S INTERIM REPORT Q1-2010 Incap will publish its interim report for January-March 2010 on Wednesday , 5 May 2010 .",neutral,neutral,0.9434888958930969
IonPhasE 's second major owner is venture capital firm Aura Capital .,neutral,neutral,0.9544684886932373
"Iso Omena is based in the Matinkyla district of the southern part of the city of Espoo , southern Finland .",neutral,neutral,0.9466820955276489
"ITG 's share in the deal is estimated at some 500,000 euro $ 627,000 .",neutral,neutral,0.9409866333007812
"Its customers include local companies Slo Oy , Kiilto Oy , Toptronics Oy , Normark Suomi Oy , Pellonpaja Oy and Mansner Oy .",neutral,neutral,0.945274829864502
"Jensen , Njastein and Mike Critch , the head of Dovre North America business unit , will report to Toivola .",neutral,neutral,0.9459922313690186
"Kemira , headquartered in Helsinki , Finland , is an international chemicals group comprising the business areas Kemira Pulp & Paper , Kemira Water , Kemira Specialty and Kemira Coatings .",neutral,neutral,0.9465845823287964
Kemira 's partner in the project is St. Petersburg Water Works .,neutral,neutral,0.9290636777877808
KONE is listed on the Nordic Exchange in Helsinki .,neutral,neutral,0.951561450958252
"L&T is operative in Finland , Sweden , Latvia , Russia and Norway .",neutral,neutral,0.9467611908912659
Latvia 's Stockmann shopping mall is a subsidiary of Finland 's Stockmann Plc. .,neutral,neutral,0.9550114870071411
"LEED is an internationally recognized green building certification system , developed by the U.S. Green Building Council .",neutral,neutral,0.6700473427772522
"China Unicom , NYSE : CHU , HKSE : 0762 , and SHSE : 600050 , the second largest mobile carrier in the country .",neutral,neutral,0.8569270372390747
"Metsa-Botnia will finance the payment of dividends , the repayment of capital and the repurchase of its own shares with the funds deriving from its divestment of the Uruguay operations , and shares in Pohjolan Voima , and by utilising its existing financing facilities .",neutral,neutral,0.740333080291748
Metso 's delivery will include a complete coated board line with related air systems and two winders .,neutral,neutral,0.7871448397636414
Most of the dividend will go to the Grimaldi family .,neutral,neutral,0.9564992189407349
Neste Shipping is the most likely to remain Finnish as the oil sector and its transports are significant for emergency supply .,neutral,negative,0.3832332193851471
Net investment income,neutral,neutral,0.939582347869873
"no compensation for its news , opinions or distributions .",neutral,neutral,0.9372041821479797
No financial details were disclosed .,neutral,neutral,0.9409186840057373
"Of the company 's net sales , 38 % was acquired in Finland , 21 % in other European countries , 40 % in Asia , and 1 % in the US .",neutral,neutral,0.9407991170883179
Officials did not disclose the contract value .,neutral,neutral,0.8852721452713013
Otherwise the situation is under control .,neutral,neutral,0.8991228938102722
"Our customers come from the following countries : UK , USA , Spain , France , Italy , Germany , China , Hong Kong , Sweden , Norway , Netherlands , Austria , Belgium , Switzerland , Czech Republic , Finland , Canada , Russia , Ukraine , Denmark , Ireland , South Korea and Liechtenstein .",neutral,neutral,0.9458795189857483
"Our customers come from the following countries : UK , USA , Spain , France , Italy , Germany , China , Sweden , Norway , Netherlands , Austria , Belgium , Switzerland , Czech Republic , Serbia , Finland , Canada , Russia , Ukraine , Portugal , Denmark , Ireland , South Korea , Estonia and Liechtenstein .",neutral,neutral,0.9453631639480591
"Paychex has more than 100 offices serving approximately 554,000 payroll clients nationwide as of May 31 , 2009 .",neutral,neutral,0.9320956468582153
Payment of shares shall be effected on subscription .,neutral,neutral,0.9469613432884216
"PCS Digital Guatemala has been using Tecnomen 's prepaid system in Telgua fixed networks as well as code division multiple access , or CDMA , and global system for mobile communication , or GSM , since 2003 .",neutral,neutral,0.9101369976997375
"Poyry is a global consulting and engineering firm focusing on the energy , forest industry and infrastructure & environment sectors .",neutral,neutral,0.9297003149986267
Production is scheduled to start by the end of April 2007 .,neutral,neutral,0.9206539988517761
"Published by Globes online , Israel business news - www.globes-online.com - on November 16 , 2009 -® Copyright of Globes Publisher Itonut 1983 Ltd. 2009",neutral,neutral,0.9441172480583191
Ramirent Finland is the domestic unit of machinery rental company Ramirent Oyj HEL : RMR1V .,neutral,neutral,0.9474011659622192
Raute is listed on the Nordic exchange in Helsinki .,neutral,neutral,0.9514566659927368
Registration is required .,neutral,neutral,0.9404745697975159
Related links : Flexiblebaseloadoperation TheWartsila32generating set Gasconversions This is the shorter of two versions of this press release .,neutral,neutral,0.9224607348442078
"rosendal at outotec.com Eila Paatela , Vice President - Corporate Communications tel. +358 20 529 2004 , +358 400 817198 e-mail eila .",neutral,neutral,0.947307825088501
Runway Visual Range is a calculated assessment of the distance that a pilot can see down a runway .,neutral,neutral,0.9022216796875
"Salcomp 's charger manufacturing plant in India is located in the Nokia Telecom Park in the state of Tamil Nadu , in the eastern part of India .",neutral,neutral,0.9291300773620605
Saunalahti is a part of the Elisa group .,neutral,neutral,0.9439608454704285
"says Brian Burton , Head of IT Security , Vodafone UK .",neutral,neutral,0.860836923122406
"Seller is the Finnish Elcoteq Group , the largest European electronics manufacturing services company .",neutral,neutral,0.9003572463989258
Solteq Plc ANNOUNCEMENT 16.12.2010 SHARE REPURCHASE 16.12.2010 In the Helsinki Stock Exchange Solteq Plc now holds a total of 486.969 shares including the shares repurchased on 16.12.2010 .,neutral,neutral,0.9528709650039673
"Some of the most recent technology deliveries include refinery technology to Anrak Aluminium , an iron ore pelletizing plant to Tata Steel and iron ore sintering plants to Bhushan Steel .",neutral,neutral,0.8558275699615479
"SRV will also build an aqua park with wellness area , a restaurant and a multifunctional ice arena .",neutral,neutral,0.6637930870056152
"SSH Communications Security Corporation is headquartered in Helsinki , Finland .",neutral,neutral,0.9487332105636597
"SSH Communications Security Corporation is headquartered in Helsinki , Finland .",neutral,neutral,0.9487332105636597
"Steek , which was set up in 2002 , is based in Bordeaux , southwestern France .",neutral,neutral,0.9442017078399658
"STOCKMANN plc COMPANY ANNOUNCEMENT February 20 , 2007 , at 13.40 An annual summary of Stockmann 's stock exchange and financial press releases in 2006 is available on the company 's website at the address www.stockmann.com .",neutral,neutral,0.9474443793296814
"Sullivan said some of the boards `` really involve a lot of work , and people should get paid for their time . ''",neutral,neutral,0.8432742357254028
Suomen Paikallissanomat Oy is part of Alma Media Group and it currently publishes 15 local newspapers across Finland .,neutral,neutral,0.9439312815666199
Talvivaara is listed on the London Stock Exchange Main Market and NASDAQ OMX Helsinki and is included in the FTSE 250 Index .,neutral,neutral,0.9461051225662231
"Tecnotree 's convergent charging solution includes functionality for prepaid and post-paid billing , charging and rating of voice calls , video calls and raw data traffic for both mobile and fixed networks .",neutral,neutral,0.9076595902442932
Teleste has some 30 offices worldwide and is listed on the Nordic Exchange in Helsinki .,neutral,neutral,0.9481322765350342
Teleste was set up in 1954 and is divided into Broadband Cable Networks and Video Networks business areas .,neutral,neutral,0.9535356760025024
"The 2500-passenger ferry will have dimensions of 185 m length overall , 170 m length between perpendiculars , 27.70 m breadth and 6.55 m design draught .",neutral,neutral,0.9329371452331543
"The acquisition does not have to be from the frozen foods or fish sector , as long as it has synergies with L+ñnnen Tehtaat 's other businesses .",neutral,neutral,0.8755385875701904
The acquisition price was not disclosed .,neutral,neutral,0.952387273311615
The aforementioned shareholders have informed that they will propose to the Annual General Meeting that the number of members of the Board of Directors shall be five and that besides the present members of the Board of Directors also Mr Lassi Noponen shall be elected to the Board of Directors .,neutral,neutral,0.9512786269187927
"The aim of the CEO 's Q&A sessions is to give further clarity on information , which has been made public already earlier .",neutral,neutral,0.9197578430175781
The Board of Directors was authorized to decide on other terms of the share issue .,neutral,neutral,0.9474936127662659
The bridge will be 1.2 km long and is located between Anasmotet by the road E20 and the new traffic junction in Marieholm by the road E45 .,neutral,neutral,0.896032989025116
"The buildings , with about 40 condominiums each , will be built in 4 or 5 stages .",neutral,neutral,0.929046630859375
"The business area has operations in Finland , Sweden , Denmark , Estonia , Latvia and Lithuania .",neutral,neutral,0.9480161070823669
The capital structure of Solidium may be complemented by other financial instruments in the future .,neutral,neutral,0.8079721927642822
The company has some 410 employees and an annual turnover of EUR65 .4 m. Vaahto Group is listed on the Nordic Exchange in Helsinki .,neutral,neutral,0.9487475752830505
"The company is also seeking possibilities to relocate the Luumaki personnel , some 50 people , to other UPM mills .",neutral,neutral,0.810821533203125
"The company offers payroll services , including payroll processing , payroll tax administration , and employee pay services , including direct deposit , check signing , and Readychex .",neutral,neutral,0.9269474148750305
"The company operates its business through two reportable segments , including Banking and Investment Services , and Non-Life Insurance .",neutral,neutral,0.9462258219718933
The company 's board of directors has proposed a dividend of EUR0 .12 per share for 2006 .,neutral,neutral,0.9237895607948303
The company 's board of directors will propose a dividend of EUR 0.14 for 2008 at the annual general meeting .,neutral,neutral,0.9217498898506165
"The company 's plant in Russia will continue to make tyres for its near markets , while the plant in Nokia in Finland will manufacture tyres for other markets .",neutral,neutral,0.8616268634796143
The company 's share is listed in the Mid Cap segment of the NASDAQ OMX Helsinki .,neutral,neutral,0.9517126083374023
The company 's share is quoted on NASDAQ OMX Helsinki Rautaruukki Oyj : RTRKS .,neutral,neutral,0.9465648531913757
The company then said it will focus its resources on clinical research .,neutral,neutral,0.8992130160331726
The Company turnover amounted to MEUR 27.9 in 2007 .,neutral,neutral,0.9402318000793457
The company website is www.ahlstrom.com .,neutral,neutral,0.9495006799697876
The company will be part of Teleste 's Video and Broadband Solutions business area .,neutral,neutral,0.9171662330627441
"The company will publish its financial statement for 2008 on February 25 , 2009 .",neutral,neutral,0.9526797533035278
The company will release its 2010 results on 11 February 2011 .,neutral,neutral,0.9471240639686584
The continued operations mean the structure after the restructuring of the Aspocomp group including Aspocomp Oulu and the headquarter operations .,neutral,neutral,0.9344820380210876
"The contract covers turnkey deliveries to all five airports operated by the authority -- John F Kennedy , LaGuardia , Newark , Teterboro and Stewart International .",neutral,positive,0.6952199339866638
The contract includes heating plant equipment and associated installation work .,neutral,neutral,0.9107815027236938
The contract involves refurbishing the bathrooms of 189 units as well as re-plumbing their water and sewer pipes .,neutral,neutral,0.741926908493042
"The cost of the deal could range from 70 million to 90 million euros depending on the financial results of the two companies in 2008 , the statement says .",neutral,neutral,0.934390127658844
The cranes would be installed onboard two freighters ordered by Singaporean ship owner Masterbulk .,neutral,neutral,0.8179765343666077
The customers will have an access to integrated propeller and gear packages from one source .,neutral,neutral,0.8592126965522766
The deal is subject to approval by the Norwegian competition authorities .,neutral,neutral,0.9112567901611328
The deal means that ten persons in three countries will transfer to Tieto .,neutral,neutral,0.8491693735122681
The deal will have no significant effect on the acquiring company 's equity ratio .,neutral,neutral,0.9425530433654785
The deliveries are scheduled for the summer and autumn of 2008 .,neutral,neutral,0.9457386136054993
"The development of the technological park , which will specialize in telecommunications and information technologies , is part of the state program for the formation of technoparks for hi-tech sectors in Russia .",neutral,neutral,0.827958881855011
"The e-commerce site and flagship will be managed by Marimekko North America Retail LLC , a subsidiary established in the U.S. last year .",neutral,neutral,0.9361632466316223
"The final price will be specified by 14 May 2010 , the acquiring company said .",neutral,neutral,0.9427543878555298
"The firm 's UK head office is in Rugby Road , Lutterworth .",neutral,neutral,0.9465637803077698
The first group of customers to be trained will be paint-shop owners and their assistants .,neutral,neutral,0.9242910742759705
The first stage of the contract covers 133 stores and 600 cash registers .,neutral,neutral,0.9332846403121948
"The fish content of the nuggets is 85 % , and the fish comes from Canada and Finland .",neutral,neutral,0.9446017742156982
The following information was released by Comptel : Tomorrow the Chairman of the Federal Communications Commission is scheduled to deliver the National Broadband Plan to Congress .,neutral,neutral,0.9511085152626038
The front surfaces of these valve plates are directed towards each other .,neutral,neutral,0.943135678768158
"The inaugural speech will be given by Hannu Kyrolainen , Finland 's Ambassador to the Czech Republic .",neutral,neutral,0.9352802634239197
The increase range will vary up to 10 % .,neutral,neutral,0.9001890420913696
"The Internal Revenue Service sees about 20 percent of all taxpayers wait until the last two weeks to file , with about 40 million returns filed in April .",neutral,neutral,0.7075837850570679
"The latest date for registration is on 4 April , 2006 .",neutral,neutral,0.9558756351470947
The Line 4 will run fully underground and will comprise 10 stations which will be executed in two implementation stages .,neutral,neutral,0.9078583121299744
"The mall will be financed on a parity basis by Pearl Plaza LLC , the joint venture company established by the Chinese investor Shanghai Industrial Investment Holdings Co Ltd , and SRV Group .",neutral,neutral,0.8534563779830933
"The maximum amount of the capital loan will be EUR30m and the minimum subscription -- EUR10 ,000 .",neutral,neutral,0.947002112865448
The maximum number of new shares to be offered is 22 million .,neutral,neutral,0.9532604217529297
The measures taken will cause one-time costs during the final part of 2006 .,neutral,negative,0.9415821433067322
"The mill will have capacity to produce 500,000 tonnes of pulp per year .",neutral,neutral,0.8416658043861389
"The money will be spread mainly over 2011 and 2012 , the company said .",neutral,neutral,0.9386134743690491
"The natural source of isoprene is the tree species Hevea brasiliensis , also known as the rubber tree .",neutral,neutral,0.9301642179489136
"The new majority owners of Aspocomp Thailand Co. , Ltd are certain private persons belonging to immediate circle of Aspocomp 's present Joint Venture partner , Saha Pathana Inter-Holding Plc. .",neutral,neutral,0.9581546783447266
The new organization consists of two business units : Charging & Messaging and Finance & Administration .,neutral,neutral,0.9512054920196533
The new SEPA cads will replace Finnish bank cards .,neutral,neutral,0.9130802750587463
"The order comprises all production lines for a plywood mill , company said in a statement received by Lesprom Network .",neutral,neutral,0.9162679314613342
"The order comprises four ball mills , which will be organized in two different streams for treating ore in the Pilanesberg platinum mine .",neutral,neutral,0.9471690058708191
"The order includes a new Crecent former , headbox , and reel .",neutral,neutral,0.8569990992546082
The output of the contracts totals 72 MWe .,neutral,neutral,0.9405845403671265
"The parties have agreed not to disclose the price of the deal , the group said in a press release .",neutral,neutral,0.935654878616333
The parties have agreed not to disclose the transaction value .,neutral,neutral,0.9410833716392517
"The payment date is March 25 , 2010 .",neutral,neutral,0.9441784024238586
"The platform is based built on Intel s second-generation MID platform , called Moorestown .",neutral,neutral,0.9035707712173462
"The price of the 10,000 kroon par value bonds was 9663,51 kroons in the primary issue .",neutral,neutral,0.950128972530365
The proposal by the Board of Directors on the issuance of option rights will otherwise correspond to the proposal by the Board of Directors in the Notice to the General Meeting .,neutral,neutral,0.9419626593589783
The purchase sum is about EUR 10mn US$ 12.97 mn .,neutral,neutral,0.9441726803779602
"The report examines the medical equipment business structure and operations , history and products , and provides an analysis of its key medical equipment revenue lines .",neutral,neutral,0.9376198053359985
"The sale of Savcor FACE to Cencorp will result in a profit or loss which can not yet be determined , owing to factors including the valuation of the consideration shares to be received and prevailing exchange rates .",neutral,negative,0.6104632616043091
"The sale will be finalized in September or October , the company said .",neutral,neutral,0.9508845210075378
"The share capital of Alma Media Corporation business ID 1944757-4 is EUR 44,767,513.80 and it is divided into 74,612,523 shares .",neutral,neutral,0.955426037311554
"The shares subscribed for under the stock options were registered in the Trade Register on 20 January 2011 , as of which date the new shares will establish shareholder rights .",neutral,neutral,0.9544650316238403
The ship unloader is totally enclosed along the entire conveying line to the storage facilities .,neutral,neutral,0.9504390358924866
The site will cover over six hectares .,neutral,neutral,0.9279663562774658
Their offering also covers localisation services related to production transfer to the Finnish company 's customers that already have production in Asian market or have made the decision to transfer production there .,neutral,neutral,0.8966915011405945
They both will report to Oriola-KD 's chief executive officer Eero Hautaniemi .,neutral,neutral,0.9490556716918945
This release is not an offer of securities for sale into the United States or elsewhere .,neutral,neutral,0.9497478604316711
"Tieto in Latvia is represented by IT services companies TietoEnator Alise and TietoEnator , which has operations in the industries of Financial Services Cards , Retail and Logistics and IT Outsourcing and Managed Services .",neutral,neutral,0.9494273066520691
"Together with Latvia , Cramo will operate 54 rental outlets in the Baltic States .",neutral,neutral,0.8649294376373291
Two other sites will be included later on .,neutral,neutral,0.9547236561775208
"Under a preliminary estimation , the technology park will measure about 50,000 square meters .",neutral,neutral,0.9015054106712341
Upon completion of the sale Proha would get some USD12 .7 m for its stake in Artemis .,neutral,neutral,0.8511410355567932
Valga Lihatoostus markets its products under the Maks & Moorits trademark .,neutral,neutral,0.9522080421447754
"We know that it exists , '' Artemyev said .",neutral,neutral,0.916078507900238
We offer our customers solutions based on renewable raw materials .,neutral,neutral,0.8136442303657532
"When dialing in , the participants should quote 877417 as conference ID .",neutral,neutral,0.9509178400039673
Work on the assignment has already started and is due for completion in spring 2011 .,neutral,neutral,0.8749752044677734
Yvonne Jones is owner of Chameleon Interiors .,neutral,neutral,0.9247180819511414
ZAO YIT Moskovia builds housing in Moscow and its surrounding cities .,neutral,neutral,0.9240544438362122
"Finnish printed circuit boards ( PCBs ) maker Aspocomp Group Oyj said on December 4 , 2006 it named Henry Gilchrist senior vice president of the group 's Asian operations , as of January 8 , 2007 .",neutral,neutral,0.9419863820075989
` Nordic infrastructure construction is one of our strategic growth areas .,neutral,positive,0.6396435499191284
"` Sanoma is a buyer not a target , ' he said .",neutral,neutral,0.893156111240387
"`` After the transaction , Tikkurila has no powder coatings-related operations , '' the company said .",neutral,neutral,0.9475114941596985
"`` If you need malware removal tools , type the URL of your vendor of choice directly into the browser bar and use links on their website , '' wrote Trend Micro 's Rik Ferguson on Monday .",neutral,neutral,0.9015540480613708
`` It wo n't happen overnight .,neutral,neutral,0.8415244817733765
`` Printed fabrics and related design expertise have always been the core of Marimekko 's business and brand .,neutral,neutral,0.9131447672843933
`` Serving customers locally is one of the cornerstones of customer focus for us .,neutral,neutral,0.7342095375061035
`` We know there are some of our own people out there . '',neutral,neutral,0.8285112977027893
"+£lemiste City is the environment for a knowledge-based economy providing work for 3,300 people with the total turnover of its companies amounting to EEK 5.4 bn , '' said +£lo P+ñrnits , chairman of the supervisory board of +£lemiste City and Mainor .",neutral,neutral,0.6472784280776978
25 November 2010 - Finnish paints and coatings company Tikkurila Oyj ( HEL : TIK1V ) said today that Finnish state-owned investment company Solidium Oy sold its 14.7 % stake in the company for a total of EUR98m .,neutral,neutral,0.943337082862854
"3 January 2011 - Scandinavian lenders Sampo Bank ( HEL : SAMAS ) , Pohjola Bank ( HEL : POH1S ) and Svenska Handelsbanken ( STO : SHB A ) have provided a EUR160m ( USD213m ) line of credit to Lemminkainen Oyj ( HEL : LEM1S ) , the Finnish construction firm said on Friday .",neutral,positive,0.9196237921714783
"A coker crane will be supplied to Tesoro Corporation 's Golden Eagle Refinery in Martinez , California , while a similar crane will be delivered to BP 's Castell refinery in Spain .",neutral,neutral,0.890892505645752
A few employees would remain at the Oulu plant in support functions for other group units .,neutral,neutral,0.6281909942626953
A huge issue for us is the button placement .,neutral,neutral,0.8987936973571777
A merger between UPM and Finnish-Swedish Stora Enso is not likely either .,neutral,neutral,0.9306314587593079
A paper mill in the central Maine town of Madison soon will have a new owner .,neutral,neutral,0.9051608443260193
A total 30 % of the order value was booked in the fourth quarter of 2009 and the remainder will be booked in the second quarter of 2010 .,neutral,neutral,0.9471369385719299
"Finnish Kemira Group 's CEO , Lasse Kurkilahti , says the Group 's structural reorganisation will continue for at least a year .",neutral,neutral,0.8807361721992493
"Local government commissioner of +àm+Ñl , Kurt Svensson , says he will contact the management of Finnish company Componenta to find out if there are any alternatives to the company 's decision to close down its plant in +àm+Ñl .",neutral,neutral,0.735731303691864
"According to Finnish FIM Bank , Alpro 's price would be around EUR 100mn-150mn .",neutral,neutral,0.9496486186981201
"According to HK Ruokatalo , almost all the meat used by the company comes from Finland .",neutral,neutral,0.9454874992370605
Activities range from the development of natural resources to the retailed marketing of finished products .,neutral,neutral,0.9494116306304932
"Additionally , information on business segments , competitors and future outlook are provided .",neutral,neutral,0.9472346901893616
"Additionally , the company will use the solutions to automate the preparation of financial statements according to IFRS standard .",neutral,neutral,0.877604603767395
Affecto has participated in the program for the development of the Norwegian pension system since 2007 .,neutral,neutral,0.8225505948066711
AffectoGenimap builds highly customised IT solutions for its customers in Finland and the Baltic countries .,neutral,neutral,0.8106396794319153
After 1 April 2007 Cencorp will not have any own employees in the territory .,neutral,neutral,0.9403274059295654
"After the restructuring , UPM 's average paper machine capacity in Europe will be 320,000 tons ( 350,000 short tons ) in coated magazine paper and 420,000 tons ( 460,000 short tons ) in coated fine paper .",neutral,neutral,0.8871353268623352
"After the transaction , M-real will own 30 % in Metsa-Botnia and UPM -- 17 % .",neutral,neutral,0.947683572769165
"After the transaction , Tikkurila has no powder coatings related operations .",neutral,neutral,0.9505150318145752
"Ahlstrom Corporation STOCK EXCHANGE ANNOUNCEMENT 23.4.2007 Ahlstrom Corporation will publish its first quarter financial results 2007 on Friday , April 27 , 2007 approximately at 8.30 a.m. Finnish time .",neutral,neutral,0.9431324005126953
"ALEXANDRIA , Va. , March 15 -- Jaakko Vilo of Turku , Finland , has developed a panel press .",neutral,neutral,0.9171758890151978
"Alma Media Corporation PRESS RELEASE March 25 , 2010 TYRV+ä+äN SANOMAT PURCHASE CONFIRMED The business operations of Tyrv+ñ+ñn Sanomat Oy will be transferred to Suomen Paikallissanomat Oy .",neutral,neutral,0.9526447653770447
"Altogether CapMan employs approximately 150 people in Helsinki , Stockholm , Copenhagen , Oslo , Moscow and Luxembourg .",neutral,neutral,0.947261393070221
"Altona stated that the private company of Altona chairman Kevin Maloney , Tulla Resources , would take up its entitlement in full .",neutral,neutral,0.9360572099685669
An earn-out payment of up to 4.0 mln euro ( $ 5.3 mln ) can also be paid depending on Intellibis financial performance in 2007 .,neutral,neutral,0.921468198299408
An EU law on the issue may be introduced around 2010 .,neutral,neutral,0.8863122463226318
Another firm Air Liquide was exempted because it left the market in 1998 .,neutral,negative,0.7676839232444763
"Apartments of YIT Home may be purchased in 5 regions of Russia , where YIT subsidiaries carry out their activities : Moscow and Moscow region , St. Petersburg , Ekaterinburg , Kazan and Rostov-on-Don .",neutral,neutral,0.946777880191803
Arena Partners Oy is a development company for electronic business .,neutral,neutral,0.9517475962638855
"As of July 2 , 2007 , the market cap segments will be updated according to the average price in May 2007 .",neutral,neutral,0.9472053647041321
"As part of the agreement , Aspocomp will also give Meadville a 10 pct slice of a subsidiary operating in Oulu , Finland .",neutral,neutral,0.8045186400413513
"As part of the reorganization , Kauko-Telko Ltd will be divided into Telko Ltd , Leipurin Ltd , Hamina Terminal Services Ltd and Kaukomarkkinat Ltd. .",neutral,neutral,0.9529275894165039
Aspo 's Group structure and business operations are continually developed without any predefined schedules .,neutral,neutral,0.8423441648483276
"At some point , it will spread also to Iran and Iraq .",neutral,neutral,0.8870875835418701
"At the end of March 2009 , the company 's loans amounted to EUR 10.113 mn .",neutral,neutral,0.939123809337616
"At the moment , there are approximately 20 Vianor sales offices in Russia .",neutral,neutral,0.9315478801727295
"Barclays Plc ( LSE : BARC ) ( NYSE : BCS ) , Credit Agricole SA ( EPA : ACA ) ( CAGR .",neutral,neutral,0.9101260304450989
Basware Business Transactions Service enables the customer to receive and send invoices in an electronic format .,neutral,neutral,0.9530771970748901
Basware finances the acquisition with a bank loan .,neutral,neutral,0.9181210994720459
"BasWare Invoice Processing , BasWare Contract Matching , BasWare Order Matching and BasWare KPI Reporting Tool are part of the BasWare 's Enterprise Purchase to Pay product suite .",neutral,neutral,0.9416488409042358
Benefon will turn the Salo unit into a B2B business unit and establish a B2C business unit in the UK .,neutral,neutral,0.8834919929504395
"Berling Capital , Umo Capital and Veikko Laine are the biggest shareholders in Amanda Capital .",neutral,neutral,0.9450881481170654
Bluewin Security is available as a monthly subscription .,neutral,neutral,0.9522048830986023
"Byline : Tim Moran Cellular phone giant Nokia Corp. is offering $ 8.1 billion for digital map supplier NAVTEQ Corp. , of Chicago .",neutral,neutral,0.7981265187263489
Capital base and capital adequacy measurement is based on approaches under Basel II .,neutral,neutral,0.9441676139831543
"CapMan , with offices in Helsinki , Stockholm , Copenhagen and Oslo , manages Nordic buyout , mezzanine , technology , life science and real estate funds with approximately EUR2 .6 bn in total capital .",neutral,neutral,0.9429904222488403
"CapMan 's first real estate fund , which had a total investment capacity of ( EURO ) 500 million and closed in June 2005 , invested in commercial properties in the Helsinki metropolitan area .",neutral,neutral,0.9334266185760498
"Cardona slowed her vehicle , turned around and returned to the intersection , where she called 911 .",neutral,neutral,0.6961759328842163
"Cencorp would focus on the development , manufacture and marketing of standard products for production automation .",neutral,neutral,0.9143317341804504
Changes to the as-built models from the design were communicated to the subcontractors to accommodate them into the steel and GRC fabrication process .,neutral,neutral,0.8359931111335754
Choose from a Giant Countdown with red head or rainbow trout -- or the Giant Shad Rap in perch color .,neutral,neutral,0.9210807085037231
Closing of such transaction took place today .,neutral,neutral,0.948327362537384
"Cohen & Steers , Inc. : 5 534 530 shares representing 4.985 % of the share capital and voting rights .",neutral,neutral,0.9494100213050842
"Cohen & Steers , Inc. : 5 534 626 shares representing 4.985 % of the share capital and voting rights .",neutral,neutral,0.9499040246009827
com and possibly also through photo-msn .,neutral,neutral,0.9469501376152039
"Companies evaluated in the report include Aladdin , CA , F-Secure , Kaspersky , Marshal , McAfee , Microsoft , Panda , Proofpoint , Sophos , Symantec , Trend Micro , Tumbleweed , and Websense .",neutral,neutral,0.9374678730964661
COMPTEL CORPORATION Sami Ervio President and CEO Distribution : NASDAQ OMX Helsinki Major media Comptel Dynamic OSS solutions enable telecom service providers to deliver services flexibly and charge them effectively .,neutral,neutral,0.7251667380332947
Connectivity Services include outsourced Scan and Capture which transfers paper invoices into electronic format and Basware Business Transactions Service enables the customer to receive and send invoices in an electronic format .,neutral,neutral,0.9441810846328735
"Country : , Finland Sector : Construction-Real Estate Target : Pohjolan Design-Talo Oy Buyer : CapMan Oyj Vendor : Ruukki Group Oyj Deal size in USD : 102.6 m Type : Divestment Status : Agreed",neutral,neutral,0.9390604496002197
"Country : , Switzerland Sector : Pharmaceuticals Target : Synosia Therapeutics Holding AG Buyer : Biotie Therapies Corp Deal size in USD : 129.4 m Type : Corporate acquisition Financing : All-stock Status : Closed",neutral,neutral,0.9418206214904785
"Cramo is a service company specialising in construction machinery and equipment rental and rental-related services , as well as the rental and sale of modular space .",neutral,neutral,0.9383784532546997
"Cramo Plc is a service company specialising in construction machinery and equipment rental and rental-related services , as well as rental and sale of modular space .",neutral,neutral,0.939793586730957
"CS Cabot exports 55 % of its production mainly to Goodyear , Bridgestone and Michelin plants in Poland , as well as to Germany 's Michelin or Italy 's Pirelli through the company 's logistics center in Paris , Stefan said .",neutral,neutral,0.9190713763237
Danske Bank is Denmark 's largest bank with 3.5 million customers .,neutral,neutral,0.895061731338501
Decisions are to be made as quickly as possible .,neutral,neutral,0.9298774600028992
Deliveries by Outotec will take place over 30 months .,neutral,neutral,0.9248530864715576
"Deliveries of Nokia 1112 , Nokia 2310 and Nokia 2610 are expected to start in the second quarter of 2006 .",neutral,neutral,0.887170135974884
Delivery is due in the second half of 2011 .,neutral,neutral,0.943122923374176
"Den Bosch-based TomTom is Europe 's largest maker of automotive navigation devices , while Cayman Islands-based Garmin is larger in the U.S. and overall .",neutral,neutral,0.870450496673584
"Depending on the market situation , such projects are sold after 1 to 3 years after completion .",neutral,neutral,0.9330222606658936
"During the rally , which was authorized by the city administration , a consulate official came out to the workers , spoke to them and took a letter from them .",neutral,neutral,0.7852833271026611
"Elcoteq Dongguan was established in 1999 in the Nancheng District of Dongguan , China and is one of Elcoteq s four volume manufacturing plants in the Asia-Pacific region .",neutral,neutral,0.9017791748046875
"Elcoteq SE Stock Exchange Announcement February 4 , 2009 at 10.00 am ( EET ) Elcoteq will publish its financial statements bulletin 2008 on Wednesday , February 11 , at 9.00 am ( EET ) .",neutral,neutral,0.9464739561080933
"Equipment will be manufactured in Vaahto 's workshop in Hollola , Finland and is scheduled for shipments during the first quarter of 2009 .",neutral,neutral,0.9283037185668945
Eriikka S+Âderstr+Âm has previously held several positions in finance and control at Nokia Networks including acting as the Business Group Controller and having the corporate controller position at Nokia Siemens Networks .,neutral,neutral,0.9488793611526489
"Estonia 's Agriculture Minister Helir-Valdor Seeder is in Finland on a two-day visit , in the course of which he will meet with his Finnish counterpart Sirkka-Liisa Anttila .",neutral,neutral,0.9148998856544495
EUR 220 million of the transaction consideration was paid in the form of four-year interest-bearing vendor notes .,neutral,neutral,0.9442868232727051
"Featuring the S60 user interface , this 135-gram model also comes with a 2.4-inch quarter VGA display and 100 megabytes of internal memory , expandable through the Micro Secure Digital slot .",neutral,neutral,0.8883219361305237
Feed companies Suomen Rehu and Raisio do no import GMO feed .,neutral,neutral,0.9404965043067932
"Financial , strategic and operational factors are considered .",neutral,neutral,0.9346222877502441
Financial details were n't disclosed .,neutral,neutral,0.8944923877716064
Financial terms were not disclosed .,neutral,neutral,0.9457180500030518
Financial terms were n't disclosed .,neutral,neutral,0.9336302280426025
"Finland 's Technopolis is planning to bring the first section of a technopark on stream in St. Petersburg at the end of 2008 , Kari Mikkonen , vice president of Technopolis , told reporters in Helsinki .",neutral,neutral,0.7440240979194641
"Finnish drug distributor and wholesaler Oriola-KD Oyj said on October 11 , 2006 it named Anne Kariniemi vice president of its Logistics and Sourcing department as of January 15 , 2007 .",neutral,neutral,0.935488224029541
Finnish investment company Neomarkka is the main owner of Kuitu Finland 's successor .,neutral,neutral,0.9440491199493408
"Following the move , Stora Enso holding in NewPage will remain unchanged .",neutral,neutral,0.9488682150840759
"Following the registration , the share capital of Biotie is EUR 52,556,678.10 .",neutral,neutral,0.9514304399490356
"Foodservice and consumer goods markets are served by approximately 13,000 people in 54 manufacturing units and several sales offices in 33 countries .",neutral,neutral,0.9414199590682983
For the new shares subscribed with stock options all shareholder rights commence from the date on which they are entered into the Trade Register .,neutral,neutral,0.9574726223945618
"Fortum expects its annual capital expenditure in the next four to five years to be within a range of EUR 0.8-1 .2 billion , as earlier announced .",neutral,positive,0.8006336092948914
"Founded in 1985 , Quatrocon 's clientele consists of public sector builders , central trading companies and major construction firms .",neutral,neutral,0.9477802515029907
"F-Secure Internet Security 2010 is a security service for surfing the web , online banking and shopping , e-mail , and other online activities .",neutral,neutral,0.9454246163368225
"Glaston 's own glass processing unit , Tamglass Glass Processing , is a manufacturer of high quality safety glass products , and operates in Finland .",neutral,neutral,0.9217391610145569
"Glaston 's own glass processing unit , Tamglass Glass Processing , is a manufacturer of high quality safety glass products operating in Finland .",neutral,neutral,0.9027230143547058
He is a Chartered Accountant in British Columbia and Alberta as well as a Certified Public Accountant in Washington State .,neutral,neutral,0.9381178021430969
He joined Rautakirja in 1997 to lead one of its four business areas and took up the position of President and CEO in 2001 .,neutral,neutral,0.9199520945549011
"Helsinki 19 May 2010 - Finnish company Lemminkainen Oyj ( HEL : LEM1S ) said today that it will construct an office building at Toolonlahti in downtown Helsinki , without disclosing financial details .",neutral,neutral,0.9335439205169678
Her last position in Nokia Siemens Networks was head of Business Human Resources NSN global IT .,neutral,neutral,0.9082947373390198
Her present position is the director of Stockmann 's international department stores .,neutral,neutral,0.9448786377906799
Her work at NetApp included strategically repositioning the brand in the category and a major global relaunch .,neutral,neutral,0.7847200036048889
"Honkarakenne also decided yesterday to sell 88,500 of its B series shares to key staff members for EUR2 .9 per share .",neutral,neutral,0.9329116344451904
"Honkarakenne also decided yesterday to sell 88,500 of its B-series shares to key staff members for EUR 2.90 per share .",neutral,neutral,0.937053918838501
"Igor and Oleg Yankov , who currently manage Moron and Vitim , will hold onto the 25 % stake for now .",neutral,neutral,0.9467546939849854
Image data produced by the browser at the phone server is converted into a bitmapped image that is sent to the handset for display . '',neutral,neutral,0.9470593929290771
"In 2006 , 452 million tonnes CO2 of EUA ( EU Allowance ; emissions credit in EU ) was traded with an underlying market value approx .",neutral,neutral,0.9224892258644104
"In 2007 Talentum will disclose three Interim Reports - Q1 ( January - March ) on Friday , 27 April , 2007 - Q2 ( April - June ) on Friday , 20 July , 2007 - Q3 ( July - September ) on Friday , 26 October , 2007 .",neutral,neutral,0.9512511491775513
"In 2008 , the steel industry accounted for 64 percent of the cargo volumes transported , whereas the energy industry accounted for 28 percent and other industries for 8 percent .",neutral,neutral,0.935321033000946
"In a letter to Economic Affairs Minister , the listed Estonian shipping company Tallink asks for the approval to be entitled to a 15 % cut in port fees in 2010 .",neutral,positive,0.8071001172065735
"In a recent interview with the Financial Times ( FT ) , Sampo 's board chairman Bjorn Wahlroos said If P&C was certainly for sale and the price had been set at SEK 85 billion , confirming earlier statements .",neutral,neutral,0.9049682021141052
"In a release on Oct. 28 , Peab said the two businesses will continue to be conducted under the brands Cliffton and Stockholm Entreprenad , both part of the Peab Group .",neutral,neutral,0.9282784461975098
"In addition , MIDs are always online and enable full Internet browsing .",neutral,neutral,0.9359505772590637
"In addition , the contract includes modification of the effluent treatment plant at Follum .",neutral,neutral,0.725195050239563
"In his current position , Manty has worked since 1996 .",neutral,neutral,0.9377084970474243
"In the fourth quarter of 2006 , OKO Banks expects the operating environment for Banking and Investment Services to remain similar to that in January-September 2006 .",neutral,positive,0.8709607720375061
In the meantime the CEO 's duties will be assumed by Outotec 's Deputy CEO Seppo Rantakari .,neutral,neutral,0.9362528920173645
"In the sinter plant , limestone and coke breeze are mixed with the iron ore concentrate and sintered into lump form or sinter for use in the blast furnaces as a raw material for iron-making .",neutral,neutral,0.9437743425369263
"In this way , the industry 's starting point has been the consumers ' needs .",neutral,neutral,0.8882872462272644
"In total , more than 3000 surveillance cameras will be handled and managed according to a variety of needs , the company said .",neutral,neutral,0.9024811387062073
"In volume , the focus is already outside Finland , as 60 % of the group 's products are made in Poland and the Baltic countries .",neutral,neutral,0.9085938334465027
"Incap , headquartered in Oulu , Finland , is a electronics contract manufacturer with some 750 employees in Finland , Estonia and India .",neutral,neutral,0.935024082660675
Incap Contract Manufacturing is a subsidiary of Incap Corporation of Finland .,neutral,neutral,0.9504472017288208
"Includes company and brand share data by category , as well as distribution channel data .",neutral,neutral,0.9399352073669434
"Indigo and Somoncom serve 377,000 subscribers and had a market share of approximately 27 % as of May 2007 .",neutral,neutral,0.9110928773880005
"industry in Asia +ó Pakistan , Malaysia , Taiwan and Philippines Today , Global Research & Data Services is going to publish several market analyses about the cement markets in Asia .",neutral,neutral,0.9369810819625854
Investment management and investment advisory services are the company 's sole line of business .,neutral,neutral,0.9516561031341553
Investments are not disclosed .,neutral,neutral,0.9484818577766418
Investments in product development stood at 6.0 mln euro ( $ 8.8 mln ) .,neutral,neutral,0.9047054648399353
"ISMS does not disclose its financial results , the daily said .",neutral,neutral,0.9373732805252075
"It also includes the installation of new equipment , training and start-up services , as well as service work of the shoe press delivered by Vaahto in 2001 .",neutral,neutral,0.8214133381843567
It is expected to be online by 2011 .,neutral,neutral,0.9163933396339417
It 's not .,neutral,neutral,0.843226432800293
It was decided that the auditors are reimbursed according to invoice .,neutral,neutral,0.9429419636726379
It will report full-year results on August 22 .,neutral,neutral,0.9445062875747681
"Its annual capacity is some 10,000 MW .",neutral,neutral,0.9291911125183105
Its market share is 6 percent according to AC Nielsen 's 2008 data .,neutral,neutral,0.8418521285057068
"Its product portfolio comprises harvesters , forwarders , harvester heads , as well as cranes and loaders .",neutral,neutral,0.9476261138916016
"Janis Arbidans , CEO of YIT Celtnieciba , said the company was focusing on housing and real estate development market .",neutral,neutral,0.9296127557754517
"Jeder Beta-Tester erh+ñlt kostenlos sechs Monate lang Updates und hat laut eigener Aussage die M+Âglichkeit , die finale Version zu beeinflussen .",neutral,neutral,0.8532316088676453
"Jon Risfelt has previously held operational executive positions in Europolitan , Ericsson , SAS , American Express card and travel divisions , as well as Nyman & Schultz ( CEO ) , Vodafone Sweden ( CEO ) , and Gambro Renal Products ( CEO ) .",neutral,neutral,0.9438170194625854
Kemira shares closed at (  x20ac ) 16.66 ( $ 22US .71 ) .,neutral,neutral,0.8715600967407227
"Kesko has about 2,000 stores engaged in chain operations in the Nordic and Baltic countries , Russia , and Belarus .",neutral,neutral,0.9453699588775635
Kirsi Rantanen was previously development director for HK Ruokatalo 's poultry business .,neutral,neutral,0.9236713647842407
"Koduextra is operating a retail chain of 11 stores , controlled by Finnish Non-Food Center KY , Rukax OY , and Scan-Tukka OY .",neutral,neutral,0.9504317045211792
"Koff 's market share of the volume of the market was 23.4 % , Karhu 's 21.4 % .",neutral,neutral,0.9442926049232483
"L+ñnnen Tehtaat 's Food Division was reorganised into two strategic business units , Apetit Frozen Foods and Jams , and Apetit Fish .",neutral,neutral,0.9379023313522339
Lemmink+ñinen started the manufacture of roofing felt in 1920 and the production of asphalt in the 1930s .,neutral,neutral,0.9369089603424072
"Like all other mechanical pipettors from Biohit , also Proline Plus is CE-IVD marked and comes with a 3-year warranty .",neutral,neutral,0.7962197065353394
( A spokesperson told WWD to expect a 50-50 mix of clothing and home decor . ),neutral,neutral,0.9110315442085266
( The acquisition sum has not been disclosed . ),neutral,neutral,0.9451918601989746
"Luna took fifth place on six-under 207 , a shot behind Spain 's Beatriz Recari and Germany 's Martina Eberl , while Welsh player Becky Brewerton was the highest-placed British finisher , sharing seventh place on three-under 210 after shooting 71 .",neutral,neutral,0.820959746837616
"Maggie Ramsey 's wait - and those of thousands of Oregon and Washington guides , anglers and others who flock to his frequent seminars - is nearly over .",neutral,neutral,0.8883422613143921
"Marathon now has a 4.6 percent stake in PLX , it said , according to Bloomberg .",neutral,neutral,0.9366841316223145
Market data and analytics are derived from primary and secondary research .,neutral,neutral,0.9500176310539246
"May 29 , 2010 ( CompaniesandMarkets.com delivered by Newstex ) -- This report provides key data and information on the meat , fish and poultry market in Finland .",neutral,neutral,0.9420151114463806
"Meanwhile , Alfa owns 25.1 % of MegaFon through Altimo , and 4.99 % of Turkcell via an 18.5 % stake in Cukurova Holding .",neutral,neutral,0.9429855346679688
"Mercator will use the software for its logistic , retail and wholesale operations in Slovenia and its other markets in southeastern Europe .",neutral,neutral,0.8391794562339783
Microsoft last week also issued the first patch for the Windows 7 operating system beta it had released days earlier .,neutral,neutral,0.7609921097755432
"More than 50,000 tonnes of asphalt mix will be used in the contract .",neutral,neutral,0.8848878145217896
"M-real , which is part of Finnish paper maker Metsaliitto Group , is due to release its second-quarter report at around 12:00 EET on 5 August 2010 .",neutral,neutral,0.9133205413818359
"N +1 Group will pay EUR16 .5 m of the transaction price upon closing , and the remaining sum in 2012 .",neutral,neutral,0.9463992714881897
ND = Not disclosed .,neutral,neutral,0.9238331317901611
Negotiations with representatives of the personnel regarding the restructuring process have now been ended .,neutral,negative,0.7760015726089478
"Neste Oil will publish its third quarter 2008 results on Friday , 24 October 2008 at approximately 9 am ( EET ) .",neutral,neutral,0.9509369134902954
New Novator products are supposed to be exported .,neutral,neutral,0.8640493750572205
"Niina Nenonen , Marimekko 's current director for clothing , bags and accessories lines , will take up this role .",neutral,neutral,0.9252454042434692
No changes in media activity were seen in October compared with September .,neutral,negative,0.6942883133888245
No decision on such sale of the now issued or existing treasury shares to YA Global has been made yet .,neutral,neutral,0.95388263463974
No financial details were revealed .,neutral,neutral,0.9313795566558838
No financial information was provided .,neutral,neutral,0.9239482283592224
No other ev3 devices were involved in this action .,neutral,neutral,0.9431573152542114
Nordea was the cheapest also for a couple in their 30s with debt .,neutral,neutral,0.6522642374038696
"Nordstjernan will make the offer in approximately one month , in September 2007 .",neutral,neutral,0.9337341785430908
Number of offers received for this contract is two .,neutral,neutral,0.876119077205658
NWC ANALYSIS :,neutral,neutral,0.9392062425613403
Odell has not contacted the State of Finland in this issue .,neutral,neutral,0.909148633480072
"Okhta Center area is expected to have about 700,000 square metres of office premises by 2016 .",neutral,neutral,0.8090280294418335
Okmetic has used the furnaces for the contract manufacturing of solar crystals .,neutral,neutral,0.9135882258415222
Okmetic revised its 2010 financial outlook based on its order book .,neutral,neutral,0.811150312423706
"On 25 August 2009 , Sampo 's stake in Nordea was 19.45 % .",neutral,neutral,0.95000159740448
"One can also apply for jobs directly from the iPad , select which CV to attach and which covering letter is most appropriate for each position .",neutral,neutral,0.9432554244995117
"One price category is for calls on the preferred operator 's network , and another for calls on other operators ' networks .",neutral,neutral,0.9511740207672119
"Operators only need to learn how to use one device for multiple levels of applications , including voice-directed operations .",neutral,neutral,0.9396021366119385
"Originally posted to the PCMag.com security blog , Security Watch .",neutral,neutral,0.9300177097320557
Oriola-KD is a spin-off of Finnish pharmaceutical group Orion Oyj 's wholesale division .,neutral,neutral,0.9426858425140381
"OTHER  North-Rhine Westphalia - Is to issue a benchmark , 5 year fixed rate deal in Euros .",neutral,neutral,0.7782953977584839
Other details were not provided .,neutral,neutral,0.8939139246940613
Panostaja did not disclose the purchase price .,neutral,neutral,0.9516238570213318
Pharmaceutical market in Belgium Global Research & Data Services published recently a market analysis about the pharmaceutical markets in Belgium .,neutral,neutral,0.9336705803871155
Pharmaceutical market in Poland Global Research & Data Services published recently a market analysis about the pharmaceutical markets in Poland .,neutral,neutral,0.9352744817733765
Ponsse will divide its sales and maintenance service network into six geographical areas .,neutral,neutral,0.947827160358429
"POYRY PLCCompany Announcement 10 December 2010 at 4.10 p.m. Pursuant to Poyry PLC 's stock option program 2004 , 63 792 new shares of the company have been subscribed since 27 October 2010 with stock options 2004B .",neutral,neutral,0.9447005987167358
"Presentation materials will be posted on the company 's website : www.seahawkdrilling.com in the `` Investor Relations '' section , on the `` Webcast & Presentations '' tab .",neutral,neutral,0.9553273320198059
"Previously , Grimaldi held a 46.43 pct stake in the Finnish company following the takeover bid launched in November 2006 .",neutral,neutral,0.9446143507957458
"Price talk is in the mid-market swaps plus 105 bps area and the leads are Barclays , BNPP , UBS and CBA .",neutral,neutral,0.9258841872215271
"Prior to the transaction , whose financial terms have not been disclosed , Alma Media owned 40 % of Kotikokki net .",neutral,neutral,0.9525972008705139
"Products include Consumer Electronics devices such as mobile phones and their accessories , set-top boxes , flat panel TVs as well as System Solutions products such as infrastructure systems , modules and other industrial segment products .",neutral,neutral,0.9441002011299133
"Proline Plus is available in both adjustable single and multichannel models and fixed volume single-channel models , in volume ranges from 0.1 micro litres to 10 ml .",neutral,neutral,0.935433566570282
"Protalix closed at $ 10.71 on Friday on the American Stock Exchange , giving a market cap of $ 827 million .",neutral,neutral,0.8360199928283691
"Purchase it for the 12MP snapper , if nothing else .",neutral,neutral,0.9277523756027222
R&D Loan ) .,neutral,neutral,0.9406881332397461
Raisio is the site of the main production plants as well as company headquarters .,neutral,neutral,0.9285981059074402
Rapala VMC Corporation ( Rapala ) is a Finland-based company engaged in the manufacture and distribution of fishing equipment and accessories .,neutral,neutral,0.9458091259002686
"Rautalinko was resposnible also for Mobility Services , and his job in this division will be continued by Marek Hintze .",neutral,neutral,0.944229781627655
"Retail chain Suomen L+ñhikauppa was given the index 5.8 , airline SAS 5.8 , TeliaSonera 's broadband 6.1 , German retail chain Lidl 6.1 , Tele Finland 's mobile subscriptions 6.1 , Tallink shipping line 6.3 , and power company Helsinki Energy 6.3 .",neutral,neutral,0.9180658459663391
RL-Nordic is a part of Raiffeisen-Banking-Group Austria and is a subsidiary to Raiffeisen-Leasing GmbH in Austria .,neutral,neutral,0.9537389278411865
"Rockwell Collins is a provider of flight deck , cabin and information management solutions for business aircraft operators .",neutral,neutral,0.903054416179657
"s business sectors are building construction , infrastructure construction and technical building services .",neutral,neutral,0.9425156712532043
"Sampo Housing Loan Bank , a unit of Finland 's Sampo Bank , has priced its EUR1bn ( USD1 .3 bn ) bond at 99.889 % , Reuters reported .",neutral,positive,0.5239594578742981
SAMPO PLC Jarmo Salonen Head of Investor Relations and Group Communications tel. +358 10 516 0030 Distribution : NASDAQ OMX Helsinki The principal media Financial Supervisory Authority www.sampo.com This announcement is distributed by Thomson Reuters on behalf of Thomson Reuters clients .,neutral,neutral,0.9520226716995239
Sanoma Magazines International will invite other shareholders holding approximately 15 % of the shares to sell their shares .,neutral,neutral,0.9450735449790955
Scanfil plc is a global contract manufacturer and systems supplier for communication and industrial electronics .,neutral,neutral,0.8043230772018433
"schwalm ( at ) outotec.com Eila Paatela , Vice President - Corporate Communications tel. +358 20 529 2004 , mobile +358 400 817198 e-mail eila .",neutral,neutral,0.9497164487838745
"SDM offers general rental equipment , aluminium scaffolding , power generator and hoists to customers in the construction sector .",neutral,neutral,0.9252409338951111
"Seventy-three of those also have more extensive training in products built on the latest ArchestrA technologies , such as the Wonderware System Platform .",neutral,neutral,0.881635844707489
"So far as is known , he did not sell shares that he owns personally .",neutral,neutral,0.9321730136871338
"Some 3.8 mln euro ( $ 5.2 mln ) of the base acquisition price will be paid in cash and the rest through a subscription offering of a total of 850,000 new Ixonos shares .",neutral,neutral,0.9314186573028564
"Sponda is a property investment company , specialising in commercial properties in the largest cities in Finland and Russia .",neutral,neutral,0.9320076107978821
Stichting Pensioenfonds ABP : 4 118 122 shares representing 5.19 % of the share capital and voting rights .,neutral,neutral,0.9452134966850281
"Stockholm , 3 March 2011 About Cybercom The Cybercom Group is a high-tech consultancy that offers global sourcing for end-to-end solutions .",neutral,neutral,0.8946468830108643
"Subscribers of China Unicom , the nation 's second largest mobile phone operator after China Mobile , are expected to release pictures , videos and blog on the Internet via mobile phones as of March 2008 .",neutral,neutral,0.9453104138374329
Sunrise Resources operates in Russian near-shore development markets through its wholly-owned Russian subsidiary and has 80 % of its personnel in Russia .,neutral,neutral,0.9323839545249939
Talvivaara Mining Company Plc Talvivaara Mining Company is an internationally significant base metals producer with its primary focus on nickel and zinc using a technology known as bioheapleaching to extract metals out of ore .,neutral,neutral,0.7441370487213135
"Tampere Science Parks is a Finnish company that owns , leases and builds office properties and it specialises in facilities for technology-oriented businesses .",neutral,neutral,0.9488577842712402
"Target company : Tieto Corporation , Business Identity Code : 0101138-5 Date of change in holding : 22 January 2010 Portion of the shares and votes : The current group holding of OP-Pohjola Group Central Cooperative ( OPK ) is 2982 587 shares , which represents 4.14 % of the shares and voting rights .",neutral,neutral,0.9565519094467163
Technopolis has approximately 130 customer companies in Jyvaskyla .,neutral,neutral,0.9325788021087646
"Tecnomen , headquartered in Espoo , Finland , develops messaging and charging solutions for telecomms operators and service providers worldwide .",neutral,neutral,0.9186868667602539
"Tecnomen 's solution can be used for prepaid and post-paid billing , for charging and rating of voice and video calls , data traffic and any kind of content services in both mobile and fixed networks .",neutral,neutral,0.9195999503135681
Terms of the acquisition were not disclosed .,neutral,neutral,0.9518716931343079
Terms were not disclosed .,neutral,neutral,0.9466205835342407
"The 19,200-square metre technology center is located near University of Tampere in central Tampere .",neutral,neutral,0.9368945360183716
"The acquired plant has an annual capacity of some 300,000 tonnes and most of its production is sold to domestic customers .",neutral,neutral,0.9427251815795898
The acquisition is expected to take place by the end of August 2007 .,neutral,neutral,0.9364461898803711
"The acquisition was financed with $ 2.56 billion of debt arranged by Goldman , Sachs & Co. .",neutral,neutral,0.9146873950958252
"The Annual Report contains the financial statements , the consolidated financial statements , the report by the Board of Directors and the auditor 's report .",neutral,neutral,0.9432240128517151
"The Annual Report will be sent automatically to shareholders holding at least 2,000 Sampo plc shares .",neutral,neutral,0.9553961157798767
"The approximately 20,000 dwt vessel has been ordered from India .",neutral,neutral,0.8401383757591248
The arrangements do not apply to the group 's units outside Finland .,neutral,neutral,0.9533454775810242
The bank VTB24 provides mortgage loans to buy apartments in the complex at 11-13 % per annum in rubles .,neutral,neutral,0.9039309024810791
"The biggest sellers in the chain 's supermarkets in Finland are organic Pirkka tomatoes , carrots , eggs , and meat products .",neutral,neutral,0.9312845468521118
The bond has a value of EUR150m and a maturity of 4 years .,neutral,neutral,0.9454014897346497
"The building will house , for example , Respecta Oy 's Jyvaskyla premises , as well as other companies to be announced later , says Samuel Koivisto , Director of Technopolis operations in Jyvaskyla .",neutral,neutral,0.9052919149398804
"The business units of the InvestLesProm Group cover the full forest industry chain , and the Group owns forests , sawmills , paper and pulp mills , and other processing plants .",neutral,neutral,0.9528478980064392
"The businesses to be divested offer dairy , edible fats , ready-meal and ice-cream packaging to multinational and local customers .",neutral,neutral,0.9440955519676208
"The casing comprises a first side casing member provided with the first side vat segment and a second side casing member provided with the second side vat segment , at least the first side casing member being pivotable about a rotation axis .",neutral,neutral,0.9491347670555115
"The changes will take effect on 1 January 2010 , and they are not estimated to have an impact on the number of employees .",neutral,neutral,0.9223612546920776
The combined value of the orders is almost EUR 3mn .,neutral,neutral,0.9364661574363708
The combined value of the orders is EUR 45mn .,neutral,neutral,0.9453880786895752
The combined value of the planned investments is about EUR 30mn .,neutral,neutral,0.9454431533813477
"The company can not give up palm oil altogether , however .",neutral,neutral,0.9079834818840027
The company did not disclose the price of the acquisition .,neutral,neutral,0.9506288170814514
The company distributes Hiab 's products as well as other products .,neutral,neutral,0.9334611892700195
The company does not disclose the sum it applied for .,neutral,neutral,0.9480283260345459
The company expects meat purchases to remain at about 8mn kilos in 2011 .,neutral,neutral,0.8499203324317932
"The company has decided to stop the operations of Ruukki Construction Division in Latvia and Lithuania , and concentrate the production and logistics in Parnu , Estonia in 2009 .",neutral,negative,0.8539499044418335
"The company is headquartered in Sievi , Finland , and is listed on the Nordic Exchange in Helsinki .",neutral,neutral,0.9524390697479248
The company may at any time have in its possession one tenth of all its shares at the maximum .,neutral,neutral,0.9461577534675598
The company operates power plants in the Tyumen and Chelyabinsk regions and in the Khanty-Mansi Autonomous District .,neutral,neutral,0.9423648715019226
"The company operates worldwide and employs in total approximately 47,000 persons .",neutral,neutral,0.9417226314544678
The company reiterates its outlook for 2009 .,neutral,neutral,0.9278146624565125
"The company 's board of directors will propose a dividend of EUR 0.95 per share for 2008 at the annual general meeting , scheduled to be held on March 23 , 2009 .",neutral,neutral,0.9303643703460693
The company 's board of directors would propose a dividend of EUR1 .00 per share for 2005 .,neutral,neutral,0.9334877133369446
The company 's equipment rental portfolio consists primarily of tools for small and mid-sized customers in the construction industry .,neutral,neutral,0.945550262928009
The company 's model is based on developer contracting construction projects and customer focused project management .,neutral,neutral,0.9254002571105957
The company said that the results of the third quarter do not include non-recurring items .,neutral,neutral,0.9076544642448425
The company says the measures are no longer needed .,neutral,neutral,0.6902972459793091
"The Company serves approximately 3,000 customers in over 100 countries .",neutral,neutral,0.9074874520301819
"The company serves customers in various industries , including process and resources , industrial machinery , architecture , building , construction , electrical , transportation , electronics , chemical , petrochemical , energy , and information technology , as well as catering and households .",neutral,neutral,0.9448537230491638
"The company serves customers in various industries , including process and resources , industrial machinery , architecture , building , construction , electrical , transportation , electronics , chemical , petrochemical , energy , and information technology , as well as catering and households .",neutral,neutral,0.9448537230491638
"The company was supposed to deliver machinery to a veneer mill in the Tomsk region , in Russia .",neutral,neutral,0.931113064289093
"The company will disclose further details , including the anticipated transaction timetable and the name of the new investor , within one week .",neutral,neutral,0.9543059468269348
The company will propose a dividend of EUR0 .12 per share for 2008 .,neutral,neutral,0.9155056476593018
"The contract also includes installation work in a new multistorey carpark for close on 1,000 vehicles .",neutral,positive,0.5530250668525696
"The contract covers the supply of temporary heating equipment for LKAB 's new pellet plant in Kiruna , in northern Sweden .",neutral,neutral,0.8176292777061462
The contract has been allotted as per lowest price criteria .,neutral,neutral,0.8837509155273438
"The contract includes design , construction , delivery of equipment , installation and commissioning .",neutral,neutral,0.946372389793396
"The contract includes software licences , application maintenance and training .",neutral,neutral,0.934554934501648
"The contract incorporates a Convergent Charging rating solution for voice and data , which includes Internet , GPRS , SMS , MMS and WAP .",neutral,neutral,0.758700430393219
The contract is for next year .,neutral,neutral,0.9413830637931824
The contract will take effect in 2009 for a five or ten year period .,neutral,neutral,0.9356848001480103
"The contracts between Raute Corporation and Muling Kemian Wood Products Co. , Ltd. , which were announced on 3 November 2010 , have taken effect .",neutral,neutral,0.8406185507774353
The CVs of the proposed members are available for viewing from 12 March 2008 onwards on the Internet at www.sampo.com/ir .,neutral,neutral,0.9539576768875122
"The deal includes the entire personnel of PlanMill Oy , who will transfer to the new company as so-called old employees .",neutral,neutral,0.9500934481620789
The divested stake represented about 2.7 m shares in Okmetic 's capital .,neutral,neutral,0.9394789934158325
The dividends payable annually shall be deducted from the share subscription price .,neutral,neutral,0.9449595212936401
The duration of the contract is 37 months .,neutral,neutral,0.9426300525665283
The ECB can mainly target inflation .,neutral,neutral,0.9267475008964539
The employee negotiations are to address measures needed to adjust the operations to the present production situation .,neutral,neutral,0.8235634565353394
The energy shot is packed in a 100-millilitre bag with a screw cap .,neutral,neutral,0.9426046013832092
The exercise price of the option will be based on Safran Software Solutions ' license and maintenance sales as well as the result of the company .,neutral,neutral,0.9501619935035706
"The facility will be used to refinance Citycon 's existing credit facility , the company said .",neutral,positive,0.7203397750854492
The fair value of CapMan Plc 's own investments on 30 September 2008 amounted to MEUR 59.8 .,neutral,neutral,0.9485753178596497
The financial details of the acquisition were not disclosed .,neutral,neutral,0.9525320529937744
The financial details of the transaction were not disclosed .,neutral,neutral,0.9485841989517212
The Financial Statements and Interim Reports will be released around at 9.00 a.m. ( Finnish time ) on the given dates .,neutral,neutral,0.9479425549507141
The financial statements release will be available after publishing on the Company 's internet pages at www.cargotec.com .,neutral,neutral,0.9568721055984497
"The firm is headquartered in Vantaa , southern Finland and has 16 employees .",neutral,neutral,0.947867751121521
"The firm 's services include copying , printing , CAD-modelling , digital printing , scanning , SokoPro project bank and courier services .",neutral,neutral,0.9524203538894653
The fixed acquisition price amounts to NOK 70 ( approximately EUR 8.7 ) million and additional price NOK 15 ( EUR 1.8 ) million at maximum .,neutral,neutral,0.9257577061653137
"The fixed-term contract of Mr. Jarmo Ukonaho , the current General Manager of Incap 's Indian operations , will finish by the end of the year .",neutral,neutral,0.8986683487892151
"The flagship will open this fall in Manhattan 's Flatiron District in the `` Toy Building , '' at 200 Fifth Avenue .",neutral,neutral,0.9318624138832092
The full-function PC weighs 1.25 kilograms and measures slightly more than two centimeters thin .,neutral,neutral,0.9296917915344238
The government has instead proposed an exchange of the state 's stake in LMT to TeliaSonera 's stake in Lattelecom .,neutral,neutral,0.9325413107872009
The group reiterated its forecast that handset manufacturers will sell around 915 mln units this year globally .,neutral,positive,0.8271642923355103
"The Group 's business sectors are Building Construction , Infrastructure Construction , Technical Building Services , and Building Products .",neutral,neutral,0.9463749527931213
"The hosting mobile terminal guides information flow between itself , the participating terminals , and optionally , with network servers that may assist the hosting mobile terminal .",neutral,neutral,0.9535282850265503
"The huge bridge girders will be delivered to the site from our plant in Ylivieska , Finland .",neutral,neutral,0.8418101668357849
The idea of saving electricity in data transfer is still a new one .,neutral,neutral,0.8900139927864075
The identity of the buyer is not yet known .,neutral,neutral,0.9164417386054993
The Insolvency Act regulates the amount of debt that borrowers are permitted to write off .,neutral,neutral,0.7399302124977112
The intent of the article was to focus attention on the fact that the development model that China had followed was very different than the model that India had followed .,neutral,neutral,0.8695431351661682
The investment would be some EUR5m .,neutral,neutral,0.9115098714828491
"The latest result included per-share charges of 5 cents for stock compensation , 1 cent for research and development and 1 cent for strategic investments .",neutral,neutral,0.8898246884346008
The machinery now ordered will be placed in a new mill with an annual production capacity of 40 000 m3 of overlaid birch plywood .,neutral,neutral,0.84292072057724
"The major part of the deliveries include different AC and CXE amplifier solutions and products by Belgian DINH Telecom , a broadband solutions company acquired by Teleste in the spring of 2007 .",neutral,neutral,0.927975594997406
"The market share of Volkswagen passenger cars in Finland was 10.1 percent , Audi had a market share of 3.1 percent and Seat 's share was 0.9 percent .",neutral,neutral,0.9349315762519836
"The market value of one crane is some USD6m , reported the Finnish news agency STT .",neutral,neutral,0.9403495192527771
"The maximum grade of the veneer yield is calculated , based on the dimensions and grades of the veneer products , as well as by iterating the places of the peeling axes and simulating the peeling process .",neutral,neutral,0.9472092986106873
"The maximum obligated total trades per day is ISK 400,000,000 market value .",neutral,neutral,0.9499608278274536
The medium-term operative targets of the company remain unchanged .,neutral,neutral,0.8891979455947876
The MET is located in the Central Business District ( CBD ) of Bangkok .,neutral,neutral,0.9347169399261475
The name of the newspaper publishing and printing division Sanoma will be changed to Sanoma News .,neutral,neutral,0.9459608793258667
"The Network Test Business is part of Elektrobit 's Test and Automation Business Segment and employs 39 people in Finland and 22 people abroad , mainly in the US and Asia .",neutral,neutral,0.946206271648407
The new chain has 700 discount stores and 250 supermarkets .,neutral,neutral,0.9098052382469177
"The new company , DiaPol S.r.l. , would manufacture tools meant for glass and stone pre-processing .",neutral,neutral,0.8991693258285522
"The new Kroksberg railway tunnel will be built on a new section of track between Harnosand and Veda , forming part of the line that follows the coast of the Gulf of Bothnia .",neutral,neutral,0.7879047989845276
The new location is n't the only change Wellmont has in store for its air transport service .,neutral,positive,0.6028283834457397
The new name of the Sanoma Division will be Sanoma News .,neutral,neutral,0.9505539536476135
The Notice in its entirety with other proposals from the Nomination Committee and the Board will be published at least four weeks before 28 April on the company 's website and in Post - och Inrikes Tidningar and Dagens Industri .,neutral,neutral,0.952508807182312
"The number of class A shares remains unchanged at 9,526,089 shares .",neutral,neutral,0.9182870388031006
"The objective is that trading in the shares will commence on May 2 , 2007 .",neutral,neutral,0.9509612321853638
The online ice chart shows no ice in the area of Estonia 's sea ports on the coast of the Gulf of Finland .,neutral,neutral,0.8691056966781616
"The order includes a log handling line , peeling line and drying line for the production of parquet base layer veneer for Plyfa 's Hassela mill , central Sweden .",neutral,neutral,0.8865868449211121
The order is included in Metso 's fourth quarter 2007 order backlog .,neutral,neutral,0.6424565315246582
The order is related to renewing the network of the telecommunications operator .,neutral,neutral,0.9193496704101562
The parties have therefore agreed to leave Avena out of the deal .,neutral,neutral,0.8424386382102966
The passenger tunnel is expected to be put into operation in 2009 .,neutral,neutral,0.7779836058616638
The plant is expected to enter commercial operation by mid-2009 .,neutral,neutral,0.8481374979019165
The plant is expected to start production in the first half of 2007 .,neutral,neutral,0.8772454857826233
The plant will collect raw material from the Baltic Sea region .,neutral,neutral,0.8684839010238647
"The platen edges in contact with the band are provided with a seal having a protrusion directed towards the middle area of the platen , and means are provided to exert and maintain a pressure in the volume defined by the platen , the band and the seal . ''",neutral,neutral,0.9433806538581848
The platform would continue to be the development framework for Symbian and MeeGo .,neutral,neutral,0.8457359671592712
"The Point Village , designed by Scott Tallon Walker , will include a shopping center , office premises , a hotel and a cinema .",neutral,neutral,0.8642644882202148
"The port facilities ' throughput is 250,000 TEUs and 7.5 mln tons of general cargo .",neutral,neutral,0.9384596943855286
The power generated annually by Loviisa covers about 10 % of Finland 's electricity consumption .,neutral,neutral,0.9371199607849121
"The power supplies , DC power systems and inverters designed and manufactured by Efore , and systems incorporating them are used in many different applications .",neutral,neutral,0.9475483894348145
The presentation material can be viewed on the company 's website in English after the conference .,neutral,neutral,0.9483732581138611
The previous offer was 3.4 % of voting rights and 12.3 % of capital .,neutral,neutral,0.9441221952438354
"The product advisory does not apply to any other Nokia-branded battery , the company said .",neutral,neutral,0.948128879070282
The project also implies an underground parking lot for 56 vehicles .,neutral,neutral,0.866341233253479
The properties were purchased from Swedish private equity real estate firm Niam and Goldman Sachs ' Whitehall Street Real Estate Funds .,neutral,neutral,0.9333463311195374
The proposal that the Board of Directors will make at the Annual General Meeting is attached as a whole to this release .,neutral,neutral,0.9472671747207642
The purchase price was not disclosed .,neutral,neutral,0.9516158699989319
The reductions will be concluded by autumn 2010 .,neutral,neutral,0.8159361481666565
"The reductions will be implemented immediately , beginning in October 2009 .",neutral,neutral,0.8239292502403259
"The repo rate will gradually reach 2 % at the end of 2010 , according to Nordea 's Economic Outlook .",neutral,positive,0.5128309726715088
"The report profiles 158 companies including many key and niche players including major Nonwovens manufacturers such as Ahlstrom Corporation , Asahi Kasei Corporation , Buckeye Technologies , Inc. , EI .",neutral,neutral,0.8860012888908386
The report will be emailed within 2 business days of an order .,neutral,neutral,0.9496476650238037
"The RME from Telcontar enables the handset to calculate the best route and includes support for user-defined routes , feature navigability and multi-modal routing such as via foot and ferry .",neutral,neutral,0.7042368054389954
The sale price was not disclosed .,neutral,neutral,0.9512166976928711
The sales price was not disclosed .,neutral,neutral,0.9477728605270386
"The second variant offers complete final finishing of any selected apartment with foreign high quality materials ( Finland , Denmark , Germany , France ) .",neutral,neutral,0.8981440663337708
"The sellers include 40 shareholders , including Intellibis management , employees and other investors .",neutral,neutral,0.9460794925689697
The sellers were EOSS Innovationsmanagement and a group of private individuals .,neutral,neutral,0.9496792554855347
The sellers were the founders of the company .,neutral,neutral,0.9493061900138855
The serial bond is part of the plan to refinance the short-term credit facility .,neutral,neutral,0.9072411060333252
"The share capital of Basware Corporation is 11,720,829 .",neutral,neutral,0.9524142742156982
"The share capital of Biotie Therapies Corp. constitutes 90,211,860 shares in the aggregate and the number of voting rights attached to the shares amounts to 90,211,860 .",neutral,neutral,0.9562971591949463
The share subscription period for stock options 2007A is between 1 April 2010 and 31 March 2012 .,neutral,neutral,0.9455962181091309
The shares represented 4.998 % of total share capital and 2.14 % of total voting rights .,neutral,neutral,0.9494578242301941
The shares shall be acquired according to the Rules of NASDAQ OMX Helsinki and otherwise according to the rules related to acquisition of the company 's own shares .,neutral,neutral,0.9574559926986694
The size of a cider bottle will remain unchanged .,neutral,neutral,0.9459359049797058
"The start of the negotiations , relating to Glaston 's efficiency program , was announced in October .",neutral,neutral,0.9155159592628479
"The subject of the project is provide to the company like : Software programming and consultancy services , Computer-related services , Data services , Computer support and consultancy services , Internet services etc. .",neutral,neutral,0.9523033499717712
"The talks involved the Food and Ingredients Divisions , as well as group service functions , the company said .",neutral,neutral,0.9172604084014893
"The Tecnomen Convergent Charging solution includes functionality for prepaid and post-paid billing , charging and rating of voice calls , video calls , raw data traffic and any type of content services in both mobile and fixed networks .",neutral,neutral,0.9173003435134888
"The total number of voting rights is 74,612,523 .",neutral,neutral,0.9535041451454163
"The total restructuring costs are expected to be about EUR 30mn , of which EUR 13.5 mn was booked in December 2008 .",neutral,neutral,0.819688618183136
"The total size of the complex is around 25,000 m2 and the project will be constructed in stages .",neutral,neutral,0.9144365191459656
The total value of the deliveries is some EUR65m .,neutral,neutral,0.9324164986610413
"The train is expected to cross the Russian territory in 9 days , reaching the Vostochny port .",neutral,neutral,0.6978887915611267
The transaction is expected to be finalized by Dec 2009 .,neutral,neutral,0.92826908826828
"The transaction is subject to a final agreement between the parties , approvals of their decision-making bodies and approval by the Finnish Competition Authority .",neutral,neutral,0.9089828133583069
The turbines are expected to be launched by the end of 2012 .,neutral,neutral,0.8503480553627014
The value of the order is about EUR 30mn .,neutral,neutral,0.942497968673706
The value of the order is around EUR 100 million .,neutral,neutral,0.9130368232727051
The value of the order is EUR 2.5 mn .,neutral,neutral,0.9401518106460571
The value of the order is EUR 4mn .,neutral,neutral,0.9405108094215393
"The value of the order is EUR 700,000 .",neutral,neutral,0.9320376515388489
The value of the order is nearly EUR400m .,neutral,neutral,0.8921297788619995
The value of the order is USD 2.2 mn .,neutral,neutral,0.9277179837226868
The value of the order is USD 2.3 mn .,neutral,neutral,0.9267586469650269
The value of the orders is about EUR 25mn .,neutral,neutral,0.9427947998046875
The value of the orders is about EUR 70mn .,neutral,neutral,0.9421167969703674
The value of the orders is over EUR 10mn .,neutral,neutral,0.9167275428771973
The value of the orders is over EUR 25mn .,neutral,neutral,0.9138511419296265
The value of the total investment is about EUR 600mn .,neutral,neutral,0.9460743069648743
The webcast may be followed online on the company website at www.ruukki.com/investors .,neutral,neutral,0.9540519714355469
"The Whitehall Street Real Estate Funds invest in real estate and real estate related assets , principally through the acquisition of real estate companies , real property and mortgage loans .",neutral,neutral,0.9363345503807068
The volume of investments in the two phases of the project is estimated at USD 300mn ( EUR 215.03 mn ) .,neutral,neutral,0.8812379240989685
Their names have not yet been released .,neutral,neutral,0.6433494687080383
"There will be return flights from Stuttgart every morning , as well as evening departures on Thursdays , Fridays and Sundays .",neutral,neutral,0.9341947436332703
"These include software development for internet and mobile telephone content , communications , value-added software , financial services , security applications , systems integration and electronics , '' EBRD informed .",neutral,neutral,0.9396201968193054
"These include software development for internet and mobile telephone content , communications , value-added software , financial services , security applications , systems integration and electronics .",neutral,neutral,0.9452791810035706
"These sections will be put into place to form the load-bearing steel structure of the bridge , '' says Sami Eronen , Senior Vice President , Infrastructure and Northern Europe , Ruukki Construction .",neutral,neutral,0.8581560850143433
"They can be used to control the speed of electric motors used by industry and municipal engineering , and in power generation using renewable energy .",neutral,neutral,0.9322173595428467
They will be sunk to a depth of some 360-380 metres and fixed to the bottom mud by vacuum .,neutral,neutral,0.9403079152107239
This amount will not be included in the pensionable salary .,neutral,neutral,0.9463809132575989
This corrensponds to 4.628 percent of Okmetic 's share capital and voting rights .,neutral,neutral,0.8911074995994568
This corresponds to 6.81 percent of Okmetic 's share capital and voting rights .,neutral,neutral,0.939568042755127
This includes a EUR 39.5 mn change in the fair value of investment properties .,neutral,neutral,0.7483539581298828
"Through the Nordic Exchange , OMX offers access to approximately 80 percent of the Nordic and Baltic securities market .",neutral,neutral,0.8605220913887024
"Tiimari 's registered share capital is 16,474,755 shares as per today .",neutral,neutral,0.9527841806411743
"Tikkurila , a division of Kemira group , controls about 23 % of the Russian market in its field and owns St. Petersburg paint producer TEX. .",neutral,neutral,0.9463876485824585
"treatment products in Usa , Canada , Mexico , Australia and Brazil Today , Global Research & Data Services is going to publish several market analyses about the markets for water treatment products in some selected countries .",neutral,neutral,0.9327846765518188
"Tyrvaan Sanomat , published twice a week by Tyrvaan Sanomat Oy , appears in Sastamala and Kiikoinen .",neutral,neutral,0.8937711715698242
"U.S.-based T Corp. is in talks with Scandinavian telecoms company TeliaSonera to sell its stake in Uzbek cellular operator Coscom , an executive at Coscom told Interfax .",neutral,neutral,0.8779199123382568
"Under the deal , Know IT will pay SEK90m ( USD12 .8 m-EUR8 .6 m ) in cash and stock .",neutral,neutral,0.9045615196228027
Union and company officials did not return calls yesterday .,neutral,negative,0.7472517490386963
"Upon establishment , the plan is directed to approximately 20 persons .",neutral,neutral,0.9486721754074097
Vacon recently announced plans to build its North American headquarters at 5 Business Park in Chambersburg .,neutral,neutral,0.7901838421821594
"Vaisala , headquartered in Helsinki in Finland , develops and manufactures electronic measurement systems for meteorology , environmental sciences , traffic and industry .",neutral,neutral,0.941245973110199
"Vaisala 's Present Weather Detector measures visibility up to 20 km , as well as precipitation type and intensity .",neutral,neutral,0.9461180567741394
"Water Treatment Products In Australia Today , Global Research & Data Services is going to publish a market analysis about the market for chemical water treatment products in Australia .",neutral,neutral,0.9422177672386169
What we think ?,neutral,neutral,0.9266663193702698
"When the product is manufactured in Finland , it is also packed in the country .",neutral,neutral,0.943648636341095
Why not give your bedroom a cool makeover for summer .,neutral,neutral,0.9083539843559265
"With five different game modes , co-op tournaments , 4 player split-screen and multiplayer modes , players can have as much fun as they would if they were actually fishing .",neutral,neutral,0.9312528967857361
"With the U.S. Federal Government putting a stake in the ground , vendors - and their customers - are focused on meeting the deadline .",neutral,neutral,0.8651972413063049
"With this , the company will exit the contract manufacturing service segment .",neutral,neutral,0.7177698016166687
"Votorantim Celulose e Papel ( VCP ) is part of the Votorantim Group , a major Brazilian conglomerate .",neutral,neutral,0.911969780921936
"YIT CORPORATION SEPT. 24 , 2007 at 13:30 CORPORATE RELEASE STOCK EXCHANGE RELEASE YIT 'S CAPITAL MARKETS DAY IN LONDON , SEPT. 26 , 2007 On Wednesday , September 26 , 2007 , YIT will hold a Capital Markets Day for investors and analysts in London .",neutral,neutral,0.9516749382019043
- Cash flow from operating activities before investments was EUR 0.8 -1.2 million .,neutral,neutral,0.8957015872001648
- Cash flow from operating activities before investments was EUR 7.6 million EUR 2.5 million .,neutral,neutral,0.9258105158805847
- Profit before taxes was EUR 105.9 82.7 million .,neutral,neutral,0.9256082773208618
"- The Group -¦ s cumulative sales during the review period were EUR 48.2 million EUR 53.1 million , 1-9/2007 and profit before taxes was EUR 1.2 1.4 million .",neutral,neutral,0.9287413358688354
"- The Group -¦ s profit before taxes was EUR 0,2 7,8 million .",neutral,neutral,0.9303958415985107
"- The Group -¦ s sales during the period were EUR 31.6 million EUR 36.6 million , 1-6/2007 and profit before taxes was EUR 0.2 1.3 million .",neutral,neutral,0.9209417700767517
The company continued the development of a fully human antibody in its VAP-1 antibody program .,neutral,neutral,0.5676153898239136
The profit after taxes was EUR 57.7 11.1 million .,neutral,neutral,0.9333921670913696
`` Marimekko operates in an industry in which changes in the business climate are reflected in consumer demand .,neutral,neutral,0.8923112154006958
"`` Over the years , the color orange has become synonymous with quality .",neutral,neutral,0.8281248211860657
"`` The enterprise value of the Fray Bentos pulp mill and Forestal Oriental totals approximately euro1 .6 billion , '' UPM said .",neutral,neutral,0.9184718132019043
`` These developments partly reflect the government 's higher activity in the field of dividend policy . '',neutral,positive,0.7524203658103943
`` This could be us .,neutral,neutral,0.9199076890945435
`` We are selling an information systems development business to the Finns .,neutral,neutral,0.8357709646224976
"`` We have come out with a decision which is based on our preliminary economic , operational and environmental findings , '' Karvinen said .",neutral,positive,0.5056782960891724
"8,600 m , and at the time of investment it is fully leased to several tenants .",neutral,neutral,0.9472129940986633
A filter is used to pre-process packets to determine if they need to be further processed by the processor of the network device .,neutral,neutral,0.9395793080329895
"A total of 15,000 new Citycon shares with a nominal value of EUR 1.35 per share were subscribed between 17 and 23 March 2006 exercising the A-B-C options based on the company 's stock option plan 1999 .",neutral,neutral,0.9408876299858093
ABN : 59 087 901 620 now represent 5.10 % of the voting rights and share capital of Citycon Oyj .,neutral,neutral,0.9309759140014648
"According to Finnish Scanfil 's founder and chairman of the board , Jorma J. Takanen , the company has to look for growth abroad .",neutral,neutral,0.876533031463623
"After non-recurring items of EUR 177mn , profit amounted to EUR 20mn .",neutral,neutral,0.8502020835876465
"Aldata Solution , a global company engaged in supplier to consumer business process optimization , has announced the details of its Dollars for Dinosaurs program .",neutral,neutral,0.6423853635787964
All depends on financing .,neutral,neutral,0.9202244877815247
Almost two thirds of Olvi 's net sales come from outside Finland .,neutral,neutral,0.9378416538238525
Amanda Capital has investments in 22 private equity funds and in over 200 unquoted companies mainly in Europe .,neutral,neutral,0.9396960139274597
Analysts surveyed by Thomson Financial expected revenue of $ 69 million for the quarter .,neutral,neutral,0.5365315079689026
"As much biomass will be used as can be sourced locally , with the rest of the plant 's fuel needs met by peat .",neutral,neutral,0.8769688010215759
"As part of the transaction , the +ä+ñnekoski paper mill remained in M-real 's ownership and continued Galerie Art production for Sappi under a long-term contract .",neutral,neutral,0.8687283992767334
"Aspocomp Group , headquartered in Helsinki , Finland , develops interconnection solutions for the electronics industry .",neutral,neutral,0.9275413751602173
"Based in Helsinki , Finland , Ramirent has branches in 13 Nordic , central and Eastern European countries .",neutral,neutral,0.9245615601539612
"Based on the 2005 calendar year the combined company had EUR15 .8 bn in pro forma annual revenues and is expected to start operations with 60,000 employees .",neutral,neutral,0.833087146282196
"BAVARIA Industriekapital AG 's 2006 revenues were EUR 333 million , with an EBITDA of EUR 51 million .",neutral,neutral,0.9375928044319153
BM4 middle layer headbox will be equipped with a dilution control system .,neutral,neutral,0.8297092914581299
Boomerang Boats had net sales of EUR 4.1 mn and it made an operating profit of EUR 0.4 mn in 2006 .,neutral,neutral,0.9144009947776794
"By the end of 2006 , the number of joint branch offices will total 170 .",neutral,neutral,0.9271599650382996
Cameco typically prices sales contracts using a 40:60 ratio of fixed prices and spot prices .,neutral,neutral,0.9428444504737854
Cargotec 's business areas also include the container handling solutions business area Kalmar and the marine cargo handling and offshore load handling solutions business area MacGREGOR .,neutral,neutral,0.9448519349098206
"Cargotec 's sales totalled EUR 3.4 billion in 2008 and it employs approximately 11,000 people .",neutral,neutral,0.9410441517829895
Cargotec will also move Hallberg-Ivarsson 's service and installation business under the same roof with its service center for Kalmar and MacGregor solutions in Gothenburg .,neutral,neutral,0.8696897625923157
Coffee will be served starting at 14:30 EET as well as after the event .,neutral,neutral,0.948400616645813
Combined net sales in 2006 were $ 27 million and EBITDA was $ 13.7 million .,neutral,neutral,0.9449232220649719
"Commenting on the deal , Shane Lennon , SVP of Marketing & Product Development at GyPSii said : ?",neutral,neutral,0.9279578328132629
"Componenta has production lines for similar-sized products at Karkkila in Finland , at Weert in the Netherlands and at Orhangazi in Turkey , and these had a combined output of approximately 100,000 tonnes and net sales of EUR 135 million in 2007 .",neutral,neutral,0.9021475315093994
CS Cabot 's main consumers on the Czech and Slovak market are tires producers Barum Continental and Matador Continental .,neutral,neutral,0.9319950938224792
Curators have divided their material into eight themes .,neutral,neutral,0.9365530014038086
"Currently , 95 % of Trainers House 's revenues are attributed to the Finnish market .",neutral,neutral,0.9423404335975647
"Currently , the company uses eight similar reach stackers and four empty container handlers by Konecranes .",neutral,neutral,0.9313045144081116
"Currently Glaston employs approximately 1,500 persons .",neutral,neutral,0.9496225714683533
"Currently it operates a fleet of eight carriers , as well as nine pushers and barges .",neutral,neutral,0.9278150796890259
Customers include hotels and restaurants as well as wholesalers and some retailers .,neutral,neutral,0.9235109090805054
"Customers wave cards in front of the reader to make payments , similar to `` touch and go '' cards used in transport systems .",neutral,neutral,0.9367138743400574
Delivery is expected to take place later this month .,neutral,neutral,0.9469226598739624
"Eero Katajavuori , currently Group Vice President , Human Resources , will take a year-long sabbatical starting from October 1 , 2010 .",neutral,neutral,0.7779002785682678
Elcoteq expects its net sales for the last quarter of 2010 to be on the level of the third quarter .,neutral,positive,0.7724134922027588
"ENP Newswire - 22 March 2011 Release date - 21032011 - A total of 13,000 Talvivaara Mining Company Plc 's new shares were subscribed for during the period between 1 January 2011 and 28 February 2011 under the company 's stock option rights 2007A .",neutral,neutral,0.9519014954566956
"EQ Bank forecasts Olvi 's net sales at EUR 67mn in the second quarter of 2009 , and operating profit at EUR 6.4 mn .",neutral,neutral,0.90390944480896
"Established in 1989 , CapMan manages Nordic buyout , mezzanine , technology , life science and real estate funds with approximately EURO 3 billion $ 4 billion in total capital .",neutral,neutral,0.939430832862854
EUR 152.4 mn of this was net interest income .,neutral,neutral,0.9435124397277832
"Exel 's board of directors will propose a dividend of 0.2 euro $ 0.3 per share for 2006 at the annual general meeting on April 19 , 2007 .",neutral,neutral,0.9311516284942627
Financing of the project will come mainly from China .,neutral,neutral,0.8544505834579468
Finnish silicon wafer technology company Okmetic Oyj OMX Helsinki : OKM1V said on Wednesday 17 September that it will invest EUR6m in its sensor wafer business during 2009 .,neutral,neutral,0.880247950553894
"Fiskars is also engaged in the global supply of marine and energy equipment solutions and services through its associated company , Wartsila Corporation .",neutral,neutral,0.89468914270401
"FL Group 's private equity division manages all operating companies , including Icelandair Group , FL Travel Group , Bluebird and Sterling .",neutral,neutral,0.9560717344284058
"Following the demerger , the vice president of the group 's pharmaceutical trade in Finland , Jukka Niemi , will be appointed managing director of Oriola in addition to his current responsibilities .",neutral,neutral,0.9493595957756042
"For 2009 , net profit was EUR 3 million and the company paid a dividend of EUR 1.30 apiece .",neutral,neutral,0.9441209435462952
"For 2009 , net profit was EUR3m and the company paid a dividend of EUR1 .30 apiece .",neutral,neutral,0.9440947771072388
"From 2003 on , the emphasis of Kyro 's strategy has been on Glaston 's growth .",neutral,neutral,0.8516223430633545
Group net sales in the third quarter of 2007 totaled EUR 142.3 mn and operating profit EUR 4.3 mn .,neutral,neutral,0.9031786918640137
"He joins Technopolis from KONE where he has held various positions within the Group , most recently as Director of Service Business and Business Development for KONE s Middle Eastern operations .",neutral,neutral,0.9264620542526245
HK Ruokatalo 's target is to know the consumers .,neutral,neutral,0.9389055967330933
"In 2007 , Etteplan had turnover of EUR125 .2 m.",neutral,neutral,0.9399641752243042
"In 2007 , the Group 's net sales stood at EUR 42 million and it had about 1,445 employees .",neutral,neutral,0.9457598328590393
In 2007 Etteplan reported a turnover of EUR125 .2 m.,neutral,neutral,0.9353626370429993
"In 2008 , AVC Systemhaus had net sales of EUR 10 million USD 7.1 m .",neutral,neutral,0.9199873208999634
In 2008 Stockmann earned 3.398 million lats in profit on 48.012 million lats in turnover .,neutral,neutral,0.906267523765564
"In 2010 , Sanoma Magazines expects net sales to be at the 2009 level .",neutral,neutral,0.6159002184867859
"In addition , the company is considering the start of production in Russia .",neutral,neutral,0.8056140542030334
"In addition , the Kazakh delegation will visit Finland 's SITRA investment fund , Honkarakenne Ltd and Nokia headquarters to study TeliaSonera Ltd JSC 's activities .",neutral,neutral,0.8979219794273376
"In addition to its stake in MegaFon , Telecominvest currently owns 100 % of shares in Web Plus and St. Petersburg Payphones , 51 % in telecom equipment producer Peter-Servis and a number of other minor assets .",neutral,neutral,0.9527242183685303
"In addition to verification of an identity and digital signatures , new state-approved Mobile ID enables to cast votes in elections as well .",neutral,neutral,0.8636891841888428
"In April-June 2008 , Scanfil 's net sales totalled EUR 58.7 mn and operating profit EUR 6.6 mn .",neutral,neutral,0.9086657762527466
"In Finland , the five largest brands control 90 % of the beer market .",neutral,neutral,0.9425777196884155
In July it and Quadriga Capital sold their Lewa GmbH pump-making business to Japan 's Nikkiso Co. .,neutral,neutral,0.9467427134513855
"In the Czech Republic , the profiling unit at Ostrava will be closed and the machinery will be relocated to Ruukki 's bigger plants in Hungary , Poland and Romania by the end of the first quarter of 2009 .",neutral,neutral,0.6834940910339355
"In the Czech Republic , the smaller profiling unit at Ostrava will be closed and the machinery will be gradually relocated to Ruukki 's bigger plants in Hungary , Poland and Romania by the end of the first quarter of 2009 .",neutral,neutral,0.8877344727516174
"In the first quarter of 2008 , Sacanfil 's net sales totalled EUR 50.0 mn and its operating profit EUR 4.7 mn .",neutral,neutral,0.8964452147483826
"In the third quarter of 2007 , net sales totaled EUR 25.95 mn , and operating profit EUR 3.88 mn .",neutral,neutral,0.9028110504150391
"It comes complete with an LCD touch screen system for selection of your chosen function and prices start at around the pounds 4,805 mark .",neutral,neutral,0.9307873845100403
"It is being developed by Symbian , the software licensing consortium led by Nokia .",neutral,neutral,0.9132124781608582
It is estimated that the consolidated turnover of Kausta Guder will reach Lt 53mn US$ 22.53 mn EUR 15.35 mn in 2007 .,neutral,neutral,0.6380628943443298
"It now owns 80,565 shares in Amer Sports Corporation , equaling 0.11 % of the company 's share capital and voting rights .",neutral,neutral,0.9195857048034668
It posted a turnover of 4.5 mln euro $ 6.1 mln and an operating profit of 1.5 mln euro $ 2.0 mln for 2006 .,neutral,neutral,0.8703702092170715
Ixonos will finance the acquisition through a 3.8 mln euro $ 5.2 mln loan .,neutral,neutral,0.84996497631073
Kauko-Telko 's centralized administration will be dissolved and appropriate parts of it will be transferred to operating activities and Group administration by the end of the year .,neutral,neutral,0.9321963787078857
"Kemira 's R&D organization comprises approximately 750 people , the company said .",neutral,neutral,0.9496994614601135
"Latin America currently accounts for approximately 40 % of sales at Tecnotree , company president and CEO Eero Mertano recently told BNamericas .",neutral,neutral,0.9122546315193176
"LCS 's services cover the whole life cycle of software and information systems , from process modelling and tailored software development , to hosting services , solution management , maintenance and support .",neutral,neutral,0.9511071443557739
Lieksaare Oy has earlier been regarded under the control of Saarelainen Oy and the individual shareholders under the shareholder agreement .,neutral,neutral,0.9543459415435791
"Liquid handling products include electronic and mechanical pipettes , disposable tips as well as pipette maintenance and calibration services for research institutions , healthcare and industrial laboratories .",neutral,neutral,0.9445341229438782
"ADPnews - Dec 23 , 2009 - Norwegian financial services group SpareBank 1 Gruppen AS OSL : SBGRP said its board of directors appointed today Jarle Haug managing director of its claims collection subsidiary SpareBank 1 Gruppen Finans",neutral,neutral,0.927311897277832
Marathon estimates the value of its remaining stake in Protalix at $ 27 million .,neutral,neutral,0.9513107538223267
Marimekko is considering further measures in the matter .,neutral,neutral,0.858456015586853
"Metsaliitto will sell 1.1 million B shares of Neomarkka , accounting for about 18.3 pct of Neomarkka 's equity and about 12.7 pct of the voting rights .",neutral,neutral,0.9437640309333801
"Most of the raw materials come from Europe and the US and are paid in euros or US dollars , while sales take place in rubles .",neutral,neutral,0.9532855749130249
"Motorola accounted for 11.5 percent of the South Korean handset market as of the end of April , Samsung held 55 percent and LG Electronics 19 percent , according to Korea-based ATLAS Research Group .",neutral,neutral,0.9503334760665894
"Motorola Inc. of the United States came second with shipments of 217.4 million units for a 21.3 percent market share , followed by South Korea 's Samsung Electronics Co. with shipments of 118.0 million units for an 11.6 percent share .",neutral,neutral,0.6373885273933411
Mr Jortikka is president of the base metal division of Outotec Oyj in Finland and is on the executive committee of Outotec .,neutral,neutral,0.9398935437202454
Mr K.R. Vasantha has been appointed Managing Director of Incap Contract Manufacturing Services Pvt. Ltd. .,neutral,neutral,0.9383370280265808
Mr. Doring has been with Eaton since 1989 and acted as the Business Unit Manager for Eaton 's Power Controls Business Unit since January 2007 .,neutral,neutral,0.9474934935569763
Mr. Koistinen joins from Nokia Siemens Networks where he has held various senior sales management and business development positions since 1997 .,neutral,neutral,0.9329511523246765
"Mr. McDonald started the evening with his own set , featuring hits from his solo career and his Doobie Brothers years and a selection of R&B cover songs that met with mixed results .",neutral,negative,0.45417770743370056
No changes regarding the Virala Oy Ab s ownership of shares of Tiimari has taken place .,neutral,neutral,0.9520243406295776
No financial details of the deployment were disclosed .,neutral,neutral,0.9372872114181519
No financial or pricing details were disclosed .,neutral,neutral,0.946656346321106
No planned closing date was provided .,neutral,neutral,0.9424546360969543
No service pricing details were disclosed .,neutral,neutral,0.9427970051765442
"Nordea Bank AB publ holds 6.000 Alma Media shares , representing 0.008 % of share capital and voting rights .",neutral,neutral,0.9504783153533936
Nordstjernan has used its option to buy another 22.4 % stake of Salcomp 's shares and votes .,neutral,neutral,0.9272414445877075
N-Viro operates processing facilities independently as well as in partnership with municipalities .,neutral,neutral,0.9333692789077759
"Okmetic closed its plant in Espoo in early 2004 , and all production lines from the site were moved to Okmetic 's plants in Vantaa , Finland and Texas , USA .",neutral,neutral,0.6254406571388245
"On preliminary estimate , the hotel will operate under the brand Novotel .",neutral,neutral,0.9253301024436951
"Operating profit of operations in Finland in the period under review totaled EUR 11.3 mn , remaining at the 2005 level .",neutral,negative,0.4773874282836914
"Our customers include companies in the energy and process industry sectors , in particular .",neutral,neutral,0.9166602492332458
"Our key geographical markets are Europe , Russian Federation , Middle-East , South-Africa and Japan .",neutral,neutral,0.9184533953666687
"Outotec 's delivery covers the engineering , supply and construction of a circulating fluid bed calcination plant with a capacity of 1,600 tons of alumina per day .",neutral,neutral,0.915740430355072
"Panostaja owns a 68.77 pct of share capital and the voting rights of Suomen Helasto shares following an exchange of shares which was carried out on May 30 , 2007 .",neutral,neutral,0.9214491844177246
"Payment for acquired shares will be made in cash , and the price per share will be EUR 1 plus an administration fee .",neutral,neutral,0.9558965563774109
Pharmaceutical market in Czech Republic Global Research & Data Services published recently a market analysis about the pharmaceutical markets in Czech Republic .,neutral,neutral,0.9379264712333679
Pharmaceutical market in Italy Global Research & Data Services published recently a market analysis about the pharmaceutical markets in Italy .,neutral,neutral,0.9274561405181885
"Previously , the company expected its 2008 financial performance to remain at the same level as in 2008 .",neutral,positive,0.7367847561836243
Profit after taxes totaled EUR 12.1 mn .,neutral,neutral,0.9135565757751465
QPR ProcessGuide is available as a system solution with centralized storage and management of process content as well as a standalone desktop version ; QPR ProcessGuide Xpress .,neutral,neutral,0.9294589757919312
"Quartal Oy now owns 2,094,063 shares in Satama Interactive Plc , which represents 5,19 per cent of the share capital and voting rights .",neutral,neutral,0.946263313293457
Renesas Mobile Europe Ltd has approximately 470 employees in Oulu .,neutral,neutral,0.9460724592208862
Rihko started to manage Raisio 's Benecol business in summer 2006 after heading tobacco company Altadis ' European operations .,neutral,neutral,0.9427413940429688
"Rohwedder Group is an automotive supplies , telecommunications and electronics industry provider for customers in Europe , North America and Asia .",neutral,neutral,0.890249490737915
RSA 's shares closed at 156.9 p at the time of going to press .,neutral,neutral,0.916979193687439
Rubin says he expects Capman to announce 1-2 additional transactions in 2009 .,neutral,neutral,0.858886182308197
Russia 's Video International Group holds a controlling stake in Russian Media Ventures .,neutral,neutral,0.9435009956359863
"Since the registration of the shares subscribed in a directed share issue , the new number of Panostaja shares and voting rights is 41,733,110 .",neutral,neutral,0.945467472076416
"Stora Enso 's business in North America has annual capacity of about 3 million tons and employs about 4,350 people .",neutral,neutral,0.9361805319786072
Stora Enso will receive a 19.9 pct equity interest in the combined company .,neutral,neutral,0.9110596179962158
Stora is due to release its fourth-quarter and 2009 full-year earnings on Feb. 4 .,neutral,neutral,0.9415442943572998
Storengy is the GDF SUEZ company that is dedicated to the underground storage of natural gas .,neutral,neutral,0.9444499015808105
Tekla Group 's net sales for 2006 were approximately 50 million euros and operating result 13.6 million euros .,neutral,neutral,0.9467663168907166
"That address also happens to house Italian megamart Eataly , meaning that `` Come on , kids , we 're going to the Toy Building ! ''",neutral,neutral,0.9338306188583374
"The 3C Expo is a signature show in Dongguan , which is supported by the Dongguan Municipal Government every year , featuring computer accessories , software , communication and network products .",neutral,neutral,0.9011236429214478
"The acquired business main asset is a mobile authentication and signing solution , branded as Tectia MobileID , which provides authentication to web e-mail , SSL-VPN , MS SharePoint , Tectia Secure Solutions and other applications and resources .",neutral,neutral,0.893744707107544
The agreement includes application maintenance and support services .,neutral,neutral,0.867221474647522
The agreement includes the entire process of managing Mercator 's supply chain in all regions where the company is currently present .,neutral,neutral,0.8736718893051147
The bank 's leasing arm Nordea Liising ended the year with a profit of 4.4 million euros .,neutral,neutral,0.6922964453697205
"The Board established a Remuneration Committee with following members : - Sari Baldauf Chairman - Tapio Hintikka - Heikki Westerlund In addition , the Board decided to appoint a Nomination Committee at a later stage .",neutral,neutral,0.944669246673584
"The bond , with a maturity of five years , is part of the bank 's domestic bond program .",neutral,neutral,0.9210085868835449
The building will house product development and test laboratories .,neutral,neutral,0.9079626798629761
The business area 's net sales were slightly over 2m in 2006 .,neutral,neutral,0.8571481704711914
The business development initiatives in North America are headed by Lynn Shanahan .,neutral,neutral,0.9429954886436462
"The business is organised , as of February 1 , 2011 , in a way that production of design services is combined into one entity , Etteplan Operations .",neutral,neutral,0.9526244401931763
"The business transfer will take effect from 1 January 2007 , and in connection with this 47 employees will transfer from Elisa to Daxtum as continuing employees .",neutral,neutral,0.9412310719490051
The center will be built in the Kapuli district of Mantsala beside the Hanko-Mantsala-Porvoo road near the new direct rail link between Lahti and Jarvenpaa .,neutral,neutral,0.8347737193107605
The closing of such transaction took place today .,neutral,neutral,0.9509347081184387
"The closing of the transaction is scheduled to take place on January 10 , 2008 .",neutral,neutral,0.955209493637085
The combined capital of these funds is expected to be EUR 100mn-150mn .,neutral,neutral,0.9118462800979614
The combined company had pro-forma net sales of 140 mln euro $ 188.9 mln and an operating profit of 13 mln euro $ 17.5 mln for 2006 .,neutral,neutral,0.9264832139015198
"The Committee proposes the following remuneration : a monthly remuneration of EUR 5,000 for the Chairman , EUR 3,500 for the Deputy Chairman , and EUR 2,500 for the other Board members .",neutral,neutral,0.923564612865448
"The company , which has EUR2 .8 bn in assets , counts among its five largest shareholders Finnish insurers Ilmarinen 4.34 % and Varma 0.70 % , as well as the Finnish state pension fund VER 0.61 % .",neutral,neutral,0.9413173794746399
The company also equipped the sculptural complex Rabochy i Kolkhoznitsa A Worker and a Collective Farmer in Moscow with snow melting system .,neutral,neutral,0.6231164336204529
The company did not distribute a dividend in 2005 .,neutral,neutral,0.9410908222198486
"The company expects its net sales for the whole of 2007 to be EUR 950mn-1 ,000 mn .",neutral,neutral,0.8588742017745972
"The company had net sales of EUR 10.8 million in 2008 , and today has approximately 120 employees in Finland , Estonia and Poland .",neutral,neutral,0.9419115781784058
The company had net sales of EUR 19.8 mn and a pre-tax profit of EUR 1.8 mn in 2005 .,neutral,neutral,0.9265554547309875
The company has 120 employees and annual sales of approximately EUR16m .,neutral,neutral,0.9372246861457825
The company has an annual turnover of EUR32 .8 m.,neutral,neutral,0.9411209225654602
"The company is involved in the the sale of financial products including insurance , mortgages , car and personal loans , financial brokerage and equipment finance leasing .",neutral,neutral,0.9462352395057678
"The Company operates through four principal divisions : Consumer Packaging ; Office Papers ; Speciality Papers , as well as Market Pulp and Energy .",neutral,neutral,0.9471443891525269
The company reported net sales of 302 mln euro $ 441.6 mln and an operating margin of 16 pct in 2006 .,neutral,neutral,0.866052508354187
"The company 's set of services include digital printing , printing preparation , offset-printing , after-treatment services and send out services .",neutral,neutral,0.9506572484970093
"The company 's transportation business is conducted through Florida Rock & Tank Lines , which is a Southeastern transportation company concentrating in the hauling by motor carrier of liquid and dry bulk commodities .",neutral,neutral,0.9327125549316406
"The company said that 80 % of the shares of the holding company will be sold to Meadville Holdings Limited , a Hong Kong listed parent company of the Meadville Group .",neutral,neutral,0.9498808979988098
"The company said that the operations will be sold to a newly established company , CPS GmbH , where the present management of the plastics business is a co-owner .",neutral,neutral,0.9543395042419434
"The composite body is coated with a hard coating layer produced by thermal spraying , and the coating is ground . ''",neutral,neutral,0.9464781284332275
"The connectivity unit has more than 100 e-invoice customers , and the number of annual transactions stands at nearly one million .",neutral,neutral,0.9006011486053467
The contract is worth some EUR 1 million .,neutral,neutral,0.8848916292190552
The contract value amounts to EUR 2.4 million .,neutral,neutral,0.9424702525138855
The credit covers approximately 70 % of the ship 's price .,neutral,neutral,0.9258074760437012
The customer is local company Etera Mutual Pension Insurance Co and the principal tenant of the unit will be media company Alma Media Corp HEL : ALN1V .,neutral,neutral,0.9516112208366394
"The customer is then forwarded to the site , and unknown to him logged in with the first number .",neutral,neutral,0.9378840923309326
"The deal includes all rental equipment and related merchandise , the rental contract of the depot and two employees , the company said .",neutral,neutral,0.9510924816131592
"The decision reflects the underutilisation of the line , which produces nonwovens used in medical and wipes applications as well as for the automotive industry .",neutral,neutral,0.905613362789154
"The decision will have to be made whether the group agrees to the import of Estonian meat and meat products to Finland , the paper added .",neutral,neutral,0.8905560374259949
"The devices would be launched in the Chinese market in late 2006 , the company said .",neutral,neutral,0.8983525037765503
The Diameter Protocol is developed according to the standards IETF RFC 3588 and IETF RFC 3539 .,neutral,neutral,0.9455514550209045
The divested activities had net sales of EUR 145.1 million in 2009 and an operating profit of EUR 8.9 million .,neutral,neutral,0.9271172881126404
"The divested company is part of TietoEnator 's business area Government , Manufacturing & Retail .",neutral,neutral,0.9508868455886841
"The Division also includes joint sales , marketing and controlling functions for these units .",neutral,neutral,0.9500057697296143
The EA Reng group posted sales of approximately 84 million kroons for 2007 .,neutral,neutral,0.872956395149231
"The EBRD is using its own funds to provide a 21.6 million A loan while the B portion of 10 million Euros has been syndicated to two Finnish commercial banks , Nordea Bank Finland Plc and Pohjola Bank Plc. .",neutral,neutral,0.8977718949317932
"The EBRD is using its own funds to provide a 21.6 mln A loan while the B portion of 10 mln Euros has been syndicated to two Finnish commercial banks , Nordea Bank Finland Plc 7.7 mln Euros and Pohjola Bank Plc 2.3 mln Euros .",neutral,neutral,0.8890738487243652
The energy sector accounted for approximately 33 % and the steel industry for about 57 % of the transportation volume .,neutral,neutral,0.9472181797027588
The enterprise value of Maritim Food AS has been determined as approximately EUR15m .,neutral,neutral,0.9418259263038635
"The equipment Ixonos acquires with this deal includes mechanical engineering hardware ; an RF and antenna measurement laboratory ; facilities for the measurement of audio , cameras and displays ; as well as devices and robot units for the testing of mobile devices .",neutral,neutral,0.9276230335235596
"The equipment will be made at Vaahto 's plant in Hollola in Finland , and delivery is scheduled for the first quarter of 2009 .",neutral,neutral,0.9285004734992981
The estimated annual value of the frame agreement is about EUR 50mn .,neutral,neutral,0.9467383027076721
The estimated value of the deal is USD 9.2 million .,neutral,neutral,0.9446683526039124
The EUR17m contract includes both design and construction works .,neutral,neutral,0.8605501651763916
"The executive said that countries such as Brazil , Chile , Argentina and Mexico will lead the adoption in the business Ethernet services segment , while Brazil and Mexico will be the early adopters of carrier Ethernet for mobile backhaul .",neutral,neutral,0.7620694041252136
The expanded company will continue to be called NewPage .,neutral,neutral,0.9449405074119568
The expanded plant is scheduled to be operational by the middle of October 2009 .,neutral,neutral,0.7906045317649841
The expansion is to be finalized in the autumn of 2009 .,neutral,neutral,0.8739216923713684
"The facility will have a lettable area of some 19,000 sq m. The plot for the plant , located in the Ratasmaki business park , will be purchased from the City of Forssa .",neutral,neutral,0.9267172813415527
The figure does not include food exports from Finland .,neutral,neutral,0.9241750240325928
"The figure includes the change in the fair value of the property portfolio , EUR 26.2 million .",neutral,neutral,0.9132000207901001
"The Filter Tips cover the volume range from 0.1-1200 -Ál including new sizes for 10 , 20 , 100-120 , 200 , 300 , 1000 and 1200 -Ál volume capacities .",neutral,neutral,0.8516888618469238
The final outcome of the rights offering is to be reported around 23 October 2009 .,neutral,neutral,0.953538715839386
The firm builds components for mobile phones and other communications products .,neutral,neutral,0.9076485633850098
"The group posted net sales of 35.3 mln euro $ 46.5 mln and an operating profit of 760,000 euro $ 1.0 mln in 2005 .",neutral,neutral,0.9205650091171265
The group 's net sales in 2007 were EUR683 .6 m.,neutral,neutral,0.9435385465621948
"The Group 's turnover in 2006 was EUR 39.2 million , and operating profit was EUR 3.9 million .",neutral,neutral,0.9386730790138245
"The Liquid Handling segment offers laboratory equipment and accessories , including mechanical and electronic pipettes , and disposable tips used in the research institutions , universities , and hospitals , as well as in the pharmaceutical , food , and other industries under the Biohit brand .",neutral,neutral,0.938630998134613
"The manufacture of CPPs will be undertaken at the existing Export Oriented Unit EOU at Wartsila 's factory at Khopoli , near Mumbai .",neutral,neutral,0.8910546898841858
The markets expect Heineken to sell Hartwall as a whole or in parts .,neutral,neutral,0.9439994096755981
"The most significant capital expenditure items were in the global enterprise resource planning ERP project , product development and production machines .",neutral,neutral,0.9079965949058533
"The move will be carried out by transferring HKScan 's production-related property , plant , equipment , as well as its holdings in subsidiaries and associate companies in the country to HKScan Finland .",neutral,neutral,0.9304768443107605
The net sales of Healthcare Trade business in 2009 were EUR 145.1 million EUR 155.2 million and operating profit EUR 8.9 million EUR 7.9 million .,neutral,neutral,0.9228655695915222
The net sales of the Power Plants business were EUR 710.3 million in 2005 .,neutral,neutral,0.9461615681648254
The non-recurring costs caused to Talentum 's Premedia business area by the restructuring will amount to 2.0 mln euro $ 2.7 mln and will be included in the company 's financial results for the second quarter of 2007 .,neutral,neutral,0.9263888001441956
The ongoing project where Tekla Structures is being used is the Vashi Exhibition Centre being developed by Insteel Engineers Pvt Ltd-IIVRCL Infrastructures & Projects Ltd & CIDCO .,neutral,neutral,0.935154914855957
"The operations to be sold include manufacturing units in Finland , France , Poland and Turkey , as well as sales units in Germany and Lithuania .",neutral,neutral,0.9527827501296997
"The order also covers design services , hardware , software licences , as well as maintenance services over six years .",neutral,neutral,0.9387900233268738
"The order consists of outsourced application management , support and planning for Tecnotree and third-party applications .",neutral,neutral,0.9509319067001343
The order includes 48 ship cranes that will be delivered for 12 container feeders to be built at Wenchong shipyard in China .,neutral,neutral,0.8905622959136963
"The order values at EUR 6.9 mn , and it consists of design services and hardware and software licences .",neutral,neutral,0.9484503269195557
The orders also include a few high-power drives for the control of seismic compressors .,neutral,neutral,0.8664708137512207
"The orders are for 26 machine-room-less KONE MonoSpace elevators , which would be installed during 2006 .",neutral,neutral,0.798181414604187
The Oulu plant employs approximately 120 people .,neutral,neutral,0.9398757219314575
The percentages of shares and voting rights have been calculated in proportion to the total number of shares registered with the Trade Register and the total number of voting rights related to them .,neutral,neutral,0.9502877593040466
The per-share subscription price of the shares subscribed with the option rights was EUR 1.35 .,neutral,neutral,0.9520106911659241
"The Polish business employs about 1,000 people , and it had net sales of about EUR 70mn in 2007 .",neutral,neutral,0.9383246302604675
"The portfolio comprises of 118,000 m2 of leasable space with a vacancy rate of roughly 5 % , let to around 140 tenants of which two of the largest are the Swedish government and Ericsson .",neutral,neutral,0.9463340640068054
The proposal of the shareholders to elect Mr. Hannu Krogerus to the Board is based on his long and unrivalled experience and knowledge of all matters related to Elcoteq .,neutral,neutral,0.8531798720359802
"The remainder of its revenues will come from technology agreements with other firms , InterDigital said .",neutral,neutral,0.7587665915489197
"The remaining amount will be funded through debt , the Danish bank said .",neutral,neutral,0.924049973487854
"The reorganisation will be carried out by transferring HKScan Corporation 's production-related property , plant and equipment in Finland as well as its holdings in subsidiaries and associates to HKScan Finland Oy , a holding company wholly owned by HKScan Corporation .",neutral,neutral,0.9531943798065186
The report contains category level company and brand share as well as distribution share information for 2007 and 2008 .,neutral,neutral,0.9501996040344238
"The segments through which the company operates are Frozen Food business , Seafoods , Vegetable Oil business , Grain Trading and Other business operations .",neutral,neutral,0.9530163407325745
"The selling consortium includes funds managed by OKO Bank 's venture capital unit , Bio Fund Management and Finnish Industry Investment , a government-owned investment group .",neutral,neutral,0.9279001355171204
The solution will be installed in the USA to support the North American operations of the customer .,neutral,positive,0.5018228888511658
"The Stockmann department store will have a total floor space of over 8,000 square metres and Stockmann 's investment in the project will have a price tag of about EUR 12 million .",neutral,neutral,0.9203940033912659
The studies are expected to start in 2008 .,neutral,neutral,0.894413948059082
"The tanks will be delivered to a company which is currently building a chemical tank farm in Antwerp , northern Belgium .",neutral,neutral,0.91718989610672
The terms of the transactions remained undisclosed .,neutral,neutral,0.9349417686462402
The total capacity of the factory will be approximately 100 engines a year .,neutral,neutral,0.8800709843635559
"The total floor area of the plant expansion is 29,000 square metres .",neutral,neutral,0.9234638214111328
The total investment in 2006 and 2007 is expected to amount to about EUR75m .,neutral,neutral,0.8999091982841492
The total investment of the project will be approximately EUR 36m .,neutral,neutral,0.9046081900596619
The total value of the contract is some EUR 8 million .,neutral,neutral,0.9435968399047852
The total value of these two contracts is over EUR 21 million .,neutral,neutral,0.9274410605430603
The transaction is planned to be financed with a EUR40m market-based loan granted by Standard Chartered Bank Hong Kong .,neutral,neutral,0.8125308752059937
The transaction value is CAD 15 million approximately EUR 10 million .,neutral,neutral,0.9529340863227844
"The unit 's clients are mainly in the field of specialist convenience goods , as well as in the textile , shoe and furniture businesses .",neutral,neutral,0.9422907829284668
The value of the contract is about EUR 27mn .,neutral,neutral,0.9464237689971924
"The value of the contract is about EUR1 .0 m. Poyry , headquartered in Vantaa , Finland provides consulting and engineering services to the energy , forestry and infrastructure & environment sectors .",neutral,neutral,0.9388741850852966
The value of the contract is EUR 25mn .,neutral,neutral,0.9460719227790833
The value of the contract is in total USD12m .,neutral,neutral,0.9416026473045349
The value of the contracts is about EUR 3.3 mn .,neutral,neutral,0.9434182643890381
The value of the deal has not been disclosed .,neutral,neutral,0.9543483257293701
The value of the deal was not disclosed .,neutral,neutral,0.952373206615448
The value of the multi-year agreement is over EUR 2mn a year .,neutral,neutral,0.7842370867729187
The value of the three-year contract is estimated at EUR40m .,neutral,neutral,0.9056186676025391
The value of this kind of order amounts usually between Euro 2 and 3 million .,neutral,neutral,0.9437970519065857
"The Web-Marela application handles invitations to quote , quote comparisons , agreements , purchases , invoice inspections , inventory management , and deliveries .",neutral,neutral,0.94688880443573
"The works will include the laying of natural stone pavements and the installation of underground heating , and surface water drainage systems .",neutral,neutral,0.8469867706298828
There have not been previous share subscriptions with 2004 stock options .,neutral,neutral,0.9521297812461853
"These new units will be built at Cargotec 's state of the art manufacturing facility in San Antonio , Texas , USA , which started operations in 2009 .",neutral,neutral,0.6502633690834045
"This could be any of us at any time , '' she said .",neutral,neutral,0.9253401160240173
This wood lacquered clock comes with a stripy hand-crocheted cover .,neutral,neutral,0.9272021055221558
To see a slide show of all the newest product releases from Fiskars .,neutral,neutral,0.9027166962623596
Total value of the contract is about EUR 10mn .,neutral,neutral,0.9486123919487
"Tulikivi manufactures heat-retaining , soapstone and ceramic fireplaces , as well as natural stone products and utility ceramics .",neutral,neutral,0.9400467872619629
"Tyrv+ñinen is of the opinion that the airline has been repeating this for some time already , however .",neutral,negative,0.6880820989608765
"Under the agreement , Larox will transfer 10 employees within engineering and documentation related to delivery projects and product maintenance in Finland to Etteplan as of January 1 , 2007 .",neutral,neutral,0.9279612302780151
"Under the transaction agreement , Metsaliitto will purchase 24.7 % of Metsa-Botnia 's shares from UPM and 3 % from M-real .",neutral,neutral,0.8983076810836792
"Unit prices for straddle carriers vary between EUR700 ,000 and EUR900 ,000 , the company added .",neutral,neutral,0.9276667833328247
UPM-Kymmene said its has ` not indicated any interest in any domestic consolidations ' .,neutral,neutral,0.9155955910682678
Valmet Automotive reports net sales of EUR 85mn and operating profit of EUR 8mn .,neutral,neutral,0.9245002269744873
"Veidekke , headquartered in Oslo , Norway , is a Scandinavian construction and property development group with some 6,350 employees in Norway , Sweden and Denmark , with an annual turnover of NOK16 .4 bn .",neutral,neutral,0.9423171281814575
Why not subscribe to the magazine ?,neutral,neutral,0.928243100643158
Vianor sells tires for cars and trucks as well as a range of other car parts and provides maintenance services .,neutral,neutral,0.9402595162391663
"With the new arrangement , customer responsibilities will become mainly regional .",neutral,neutral,0.8920493125915527
"With this acquisition the wireless modem unit and its approximately 1,100 employees were transferred to Renesas Electronics Corporation .",neutral,neutral,0.9474151730537415
"In the third quarter of fiscal 2008 Efore swung to a net loss of EUR 400,000 versus a net profit of EUR 200,000 for the corresponding period of fiscal 2007 .",negative,negative,0.9303725957870483
"Konecranes Oyj KCR1V FH fell 5.5 percent to 20.51 euros , the biggest fall since June .",negative,negative,0.976601243019104
Operating loss totaled EUR 25mn compared to a profit of EUR 63mn in the corresponding period in 2005 .,negative,negative,0.9757693409919739
"Production levels have been agreed with producers a long time ago , so a fall in consumption will lead to losses .",negative,negative,0.9690017104148865
Return on investment ROI was 4.1 % compared to 43.8 % in the first half of 2008 .,negative,negative,0.94366455078125
"A total of 16.5 mn passenger ship journeys took place in the northern Baltic Sea in 2007 , slightly down from 16.5 mn in 2006 .",negative,negative,0.9730550050735474
Finnish media group Talentum has issued a profit warning .,negative,negative,0.9647681713104248
"Finnish shipping company Finnlines ' pretax loss totalled EUR 6.5 mn in the third quarter of 2009 , compared to a profit of EUR 0.3 mn in the third quarter of 2008 .",negative,negative,0.9747580885887146
"In Finland , the city of Forssa has said it will not pay compensation to food industry companies HK Ruokatalo and Atria for the lye leak into tap water that occurred in March 2008 .",negative,negative,0.9378142952919006
"Acando AB ( ACANB SS ) fell 8.9 percent to 13.35 kronor , the lowest close since Dec. 11 .",negative,negative,0.9740442037582397
"According to CEO Matti Perkonoja of the parent company HKScan , the company 's performance in the first quarter of 2010 has remained clearly below the level of the corresponding period in 2009 .",negative,negative,0.9723556041717529
Diluted earnings per share ( EPS ) stood at EUR 0.25 versus EUR 0.42 .,negative,negative,0.7853350639343262
Finnish automation solutions developer Cencorp Corporation ( OMX Helsinki : CNC1V ) issued on Thursday ( 18 September ) a profit warning for the third quarter of 2008 .,negative,negative,0.9672858715057373
Finnish communication electronics components supplier Scanfil Oyj Tuesday said sales in the first half of 2006 will be 15 % lower than during the same period a year ago .,negative,negative,0.9722768068313599
Finnish technology company Raute Corporation ( OMX Helsinki : RUTAV ) issued on Tuesday ( 23 September ) a profit warning for the financial year 2008 .,negative,negative,0.9679438471794128
"In Q1 of 2009 , the company 's operating loss totalled EUR 0.3 mn , compared to a profit of EUR 3.6 mn in Q1 of 2008 .",negative,negative,0.9759077429771423
"Last year , 8.3 million passengers flew the airline , down 4 percent from 2007 .",negative,negative,0.9764164090156555
"Loss after financial items totalled EUR 9.7 mn , compared to a profit of EUR 1.3 mn in the corresponding period in 2008 .",negative,negative,0.8347158432006836
Loss for the period totalled EUR 15.6 mn compared to a profit of EUR 6.3 mn in 2008 .,negative,negative,0.9558267593383789
Operating loss amounted to EUR 0.9 mn in the first half of 2006 compared to a profit of EUR 0.5 mn in the first half of 2005 .,negative,negative,0.9751419425010681
"Operating loss of the Pulp & Paper Machinery unit was over EUR 3mn in September 2007 - August 2008 , compared to a profit of EUR 3.7 mn a year earlier .",negative,negative,0.9739673137664795
Operating loss totaled EUR 0.3 mn compared to a profit of EUR 2.2 mn in the corresponding period in 2007 .,negative,negative,0.9772152304649353
"Operating loss totaled EUR 0.8 mn , compared to a profit of EUR 0.5 mn .",negative,negative,0.9752635955810547
"Operating loss totalled EUR 12.7 mn , compared to a profit of EUR 17.7 mn in the first half of 2008 .",negative,negative,0.9767246842384338
"Operating loss totalled EUR 4.0 mn , compared to a profit of EUR 8.6 mn in the second quarter of 2008 .",negative,negative,0.9772701263427734
"Operating loss totalled EUR 5.2 mn , compared to a loss of EUR 3.4 mn in the corresponding period in 2008-2009 .",negative,negative,0.9755331873893738
Pretax loss totaled EUR 117mn compared to a loss of EUR 65mn in the corresponding period .,negative,negative,0.923496663570404
Pretax loss totalled EUR 162.3 mn compared to a profit of EUR 253.5 mn in 2007 .,negative,negative,0.9745134711265564
"Pretax loss totalled EUR 49.9 mn , compared to a loss of EUR 15.4 mn in the corresponding period in 2008 .",negative,negative,0.9583269953727722
"Publishing Sweden 's operating loss was EUR 1.1 mn in Q1 of 2009 , compared to a profit of EUR 0.6 mn a year ago .",negative,negative,0.9753136038780212
The company reported today an operating loss of EUR0 .1 m on net sales of EUR4 .5 m for the first quarter 2008 .,negative,negative,0.9595925211906433
"Cerberus Capital Management LP-backed printing paper maker NewPage Corp. has posted mixed second-quarter results , casting a cloud over its planned initial public offering .",negative,negative,0.9725458025932312
"Finnish electronics manufacturing services EMS company Elcoteq SE posted a net loss of 66.4 mln euro $ 91.2 mln for the first half of 2007 , compared to a net profit of 7.1 mln euro $ 9.8 mln for the same period of 2006 .",negative,negative,0.9517543911933899
Finnish laboratory liquid handling and diagnostic test systems developer Biohit Oyj OMX Helsinki : BIOBV issued on Tuesday 3 June a profit warning for the financial year 2008 .,negative,negative,0.9658401012420654
Finnish retail software developer Aldata Solution Oyj reported a net loss of 11.7 mln euro $ 17.2 mln for 2007 versus a net profit of 2.5 mln euro $ 3.7 mln for 2006 .,negative,negative,0.9683352708816528
"Finnish textiles and clothing group Marimekko Oyj posted a net profit of 7.99 mln euro $ 10.4 mln for 2006 , compared to 8.4 mln euro $ 10.9 mln for 2005 .",negative,negative,0.7771298885345459
"In January-June 2010 , diluted loss per share stood at EUR0 .3 versus EUR0 .1 in the first half of 2009 .",negative,negative,0.9458433389663696
"In October , UPM reported a third-quarter net loss of euro86 million $ 110 million compared with a net profit of euro120 million in 2007 .",negative,negative,0.972464919090271
Operating loss amounted to EUR 0.7 mn compared to a profit of EUR 0.8 mn in the second quarter of 2005 .,negative,negative,0.9762634634971619
"Operating loss before non-recurring items was EUR 0.9 mn , compared to a profit of EUR 11.5 mn in 2008 .",negative,negative,0.9623591899871826
"Operating profit margin was 8.3 % , compared to 11.8 % a year earlier .",negative,negative,0.6242685317993164
Operating profit was EUR 1.6 mn in 2005 compared to EUR 5.9 mn in 2004 .,negative,negative,0.8576659560203552
"Operating result showed a loss of EUR 2.9 mn , while a year before , it showed a profit of EUR 0.6 mn .",negative,negative,0.9654533863067627
"Salcomp Oyj , the Finnish maker of mobile phone chargers , Monday posted a EUR1 .49 million loss in the second quarter compared with a 1.70 million profit in the same period the previous year .",negative,negative,0.9747999906539917
Scanfil has also issued a profit warning .,negative,negative,0.9615153670310974
Scanfil issued a profit warning on 10 April 2006 .,negative,negative,0.954764187335968
"The operating loss amounted to EUR 0.8 mn , compared to a profit of EUR 3.9 mn a year earlier .",negative,negative,0.9756435751914978
The real estate company posted a net loss of +ó  x201a -¼ 59.3 million +ó  x201a -¼ 0.21 per share compared with a net profit of +ó  x201a -¼ 31 million +ó  x201a -¼ 0.11 per share for the corresponding quarter of 2007 .,negative,negative,0.9707543849945068
"TietoEnator was down 1.13 pct to 18.38 , extending recent lows after last week 's second-quarter report , dealers said .",negative,negative,0.9755253791809082
Operating profit excluding restructuring costs grew to EUR 44.5 million from EUR 31.7 million while operating profit including restructuring costs showed even larger growth to EUR 38.5 million from EUR 7.4 million .,positive,positive,0.9492413401603699
"Having a China based operation will not only enable us to fully leverage our resources and expertise in wireless solutions , but also strengthen our capability to offer industry-leading products for our customers in China . ''",positive,positive,0.9334679841995239
"Cost cutting measures , which have produced around EUR70m of savings over the past nine months , have dampened the airline 's loss , Finnair said .",positive,positive,0.915795087814331
"Consolidated operating profit excluding one-off items was EUR 30.6 mn , up from EUR 29.6 mn a year earlier .",positive,positive,0.9553725719451904
EBIT excluding non-recurring items was estimated to increase from 2009 .,positive,positive,0.9557980895042419
Operating profit excluding non-recurring items increased by 27 % to EUR 81.9 mn from EUR 64.4 mn in the corresponding period in 2008 .,positive,positive,0.9525226354598999
Cash flow from business operations totalled EUR 0.4 mn compared to a negative EUR 15.5 mn in the first half of 2008 .,positive,positive,0.7831127047538757
"Cash flow from operations totalled EUR 2.71 mn , compared to a negative EUR 0.83 mn in the corresponding period in 2008 .",positive,positive,0.865925133228302
"Cash flow from operations totalled EUR 7.4 mn , compared to a negative EUR 68.6 mn in the second quarter of 2008 .",positive,positive,0.8595185279846191
"EBIT excluding non-recurring items , totalled EUR 67.8 mn , up from EUR 38.1 mn .",positive,positive,0.9525612592697144
"Finnish energy company Fortum Oyj said on November 13 , 2007 it was granted an environmental permit to build a biofuel-fired combined heat and power CHP plant in Vartan harbor in eastern Stockholm .",positive,positive,0.8746371269226074
Nokia was up 0.12 pct to 16.70 eur after kicking off the morning in negative territory .,positive,positive,0.9460886120796204
"Return on investment was 5.0 % , compared to a negative 4.1 % in 2009 .",positive,negative,0.4854327440261841
"Thus the method will cut working costs , and will fasten the planning and building processes .",positive,positive,0.8113610744476318
"The copying , republication or redistribution of AFX News Content , including by framing or similar means , is expressly prohibited without the prior written consent of AFX News .",neutral,neutral,0.8954645395278931
"The company reported a profit of 800,000 euro ($ 1.2 mln)on the sale of its Varesvuo Partners sub-group and a loss of 400,000 euro $ 623,000 caused by the sale of its program production subsidiary Oy Filmiteollisuus Fine Ab .",neutral,negative,0.9569448232650757
The extracted filtrates are very high in clarity while the dried filter cakes meet required transport moisture limits (TMLs)for their ore grades .,neutral,neutral,0.8598946928977966
"After the split , the number of K shares will be 9 540 000 and the number of A shares 26 885 540 .",neutral,neutral,0.956183135509491
"Established in 1987 , the SRV Group is a private Finnish construction concern with operations in Finland , the Baltic countries and Russia .",neutral,neutral,0.9445374608039856
"Initial estimated total value of the contract was 250 000 Euros , excluding VAT .",neutral,neutral,0.9468414187431335
Nokia and Capcom announced that Resident Evil Degeneration will be released on N-Gage later this year .,neutral,neutral,0.8880430459976196
Olli-Pekka Laine has been appointed as the Chairman and Erkki Pehu-Lehtonen as the Vice Chairman of the Board .,neutral,neutral,0.9495676755905151
Risk exposure by Non-life Insurance  Moving 12-month  Expenses by function in Non-life Insurance excluding expenses for investment management and expenses for other services rendered Non-life Insurance investment portfolio by allocation,neutral,neutral,0.9369284510612488
The issue came up in connection with discussion with local municipalities concerning the sale of water to industrial facilities .,neutral,neutral,0.9267881512641907
"The purchase price will be paid in cash upon the closure of the transaction , scheduled for April 1 , 2009 .",neutral,neutral,0.9461724758148193
The terms and conditions of the Stock Option Scheme 2008 are available on the Company 's internet pages www.sanoma.com .,neutral,neutral,0.9557527899742126
"Tieto 's service is also used to send , process and receive materials related to absentee voting .",neutral,neutral,0.9510894417762756
"Trading code : ELI1V Number of shares : 99,483 Price-share : Gratuitous After the transfer , Elisa holds a total of 10,435,023 own shares .",neutral,neutral,0.9466511607170105
"A total of 1,800,000 stock options were issued in the 2003 stock option scheme .",neutral,neutral,0.9467884302139282
Finnish publishing and printing group Ilkka-Yhtym+ñ will introduced a staff smoking ban as of the beginning of 2007 at the company 's three newspapers .,neutral,negative,0.5388200879096985
Finnish Stockmann Group 's mail order unit Hobby Hall has launched a trial marketing campaign in Russia .,neutral,positive,0.5060433149337769
"Alpina Sports is a Lebanon , New Hampshire USA based distributor of e.g. Alpina ski shoes and skis , Exel ski poles , Start ski waxes and now also Peltonen cross-country skis .",neutral,neutral,0.940575897693634
"Among the Scandinavian companies present in St. Petersburg , is also named the Swedish concern NCC , which implements projects in the field of asphalt production , road and housing construction ( project Swedish Krona ) .",neutral,neutral,0.9428129196166992
An international conference call and audio webcast concerning the financial result January-March 2010 will begin at 14.00 EET .,neutral,neutral,0.957237720489502
Atria said its offer would give the Swedish company continued ownership and control of its slaughtering and cutting operations .,neutral,neutral,0.751559317111969
"Aug. 17 , 2010 ( Curbed delivered by Newstex ) -- And now , the latest from Racked , covering shopping and retail from the sidewalks up .",neutral,neutral,0.930452287197113
Bertrand Sciard has been the vice chairman of the board of directors of Aldata Solution since April 2007 .,neutral,neutral,0.9493131041526794
Bovine slaughtering and cutting at the Kuopio facility will be transferred to the Kauhajoki slaughterhouse .,neutral,neutral,0.9427129626274109
"Huhtamaki 's rigid plastic consumer goods operations , which are mainly in Europe , will be separated into a new reporting segment as of 1 January 2009 .",neutral,neutral,0.9508117437362671
Kesko has previously published a stock exchange release concerning the deal on 7 February 2007 .,neutral,neutral,0.9530544281005859
Less than ten people will face pension agreements .,neutral,negative,0.7606173157691956
Mr. Kari Stadigh will carry on as Chairman of the Board and Mr. Matti Arteva as Vice-Chairman .,neutral,neutral,0.9549646377563477
"Neste Oil s refineries have a combined crude oil refining capacity of approximately 260,000 barrels a day .",neutral,neutral,0.9080272316932678
"New Chairman of the Board of Directors , Mr Chaim Katzman , will give a presentation and answer questions .",neutral,neutral,0.9489633440971375
Panostaja Oyj 's Board also decided at its organisational meeting held upon completion of the AGM to implement the AGM decision concerning Board member fees paid as shares in such a way that shares are transferred on a quarterly basis on the date following publication of the quarterly-annual report .,neutral,neutral,0.9405937194824219
Rapala Fishing Frenzy 2009 .,neutral,neutral,0.920353889465332
Residents access to the block is planned to be from Aleksandri Street .,neutral,neutral,0.9244635105133057
Sanoma announced the Stock Option Scheme 2008 on 19 December 2008 .,neutral,neutral,0.9257891774177551
Short-term licenses for the games cost as little as $ 3 while purchasing a game outright can cost as much as $ 10 or $ 15 .,neutral,neutral,0.8976674675941467
The adjustments concern staff in both the Specialty Papers and the Fiber Composites segments .,neutral,negative,0.9527315497398376
The appointments will be in force until the new CEO has been appointed .,neutral,neutral,0.9146563410758972
"The authorisation is in force until the end of the next Annual General Meeting and repeals the authorisation to acquire own shares given by the General Meeting held on April 4 , 2007 .",neutral,neutral,0.6231340765953064
"The business had gross written premiums of EUR152 .4 m (  91.5 m ) in 2000 , a net combined ratio of 133 % and 175 staff in total with offices in the UK , Germany and Benelux .",neutral,neutral,0.9195833802223206
"The chilled meat products category led the meat , fish and poultry market in Finland , accounting for a share of 31.4 % .",neutral,neutral,0.6493815779685974
"The company has a continuous need for alloys such as nickel , ferro-chrome , molybdenum and manganese in its production , said Talvivaara .",neutral,neutral,0.8266986012458801
"The contract also includes cutting and edging wagon parts at Ruukki 's steel service centres in Seinajoki and Raahe , both in southwestern Finland , from where they will be delivered to VR for welding and assembly .",neutral,neutral,0.8380420207977295
"The copying , republication or redistribution of AFX News Content , inculding by framing or similar means , is expressly prohibited without the prior written consent of AFX News .",neutral,neutral,0.8844864368438721
"The cosmetics collection includes an eye shadow , face powder , lip gloss , mascara and accessories .",neutral,neutral,0.9424015879631042
"The E7 smartphone will be available for Rs35 ,000 per handset across India , '' Nokia India vice-president & managing director D Shivakumar told reporters .",neutral,positive,0.5676868557929993
The exercise originated in Finland in the early 1930s as a training method for cross-country skiers .,neutral,neutral,0.9177398085594177
"The first phase of the logistics complex envisages the completion of some 70,000 sq m of logistics premises and the gatehouse building in November 2008 .",neutral,neutral,0.7977617383003235
"The gross area of eight houses will be 12,167 m2 .",neutral,neutral,0.9470005035400391
"The gross area of the Innova 2 project will be about 10,000 sq m ( 107,600 sq ft ) .",neutral,neutral,0.9408624172210693
"The interim report for the first quarter is published on May 8 , 2009 .",neutral,neutral,0.9291000366210938
"The mill 's raw material need will increase by 100,000 m3 of wood .",neutral,positive,0.9204970002174377
"The negotiations concern personnel of Cencorp Corporation and Singulase Oy as whole in Finland and in Sweden , the company said .",neutral,neutral,0.8320232033729553
The negotiations will concern the plant 's department producing winded roving that employs 10 people .,neutral,neutral,0.9124003648757935
"The new apartment block is going up very close to the city center , explained Chairman of the Board of AS YIT Ehitus Priit Sauk .",neutral,neutral,0.8539212346076965
"The redesigned crushing circuit has been in operation since the start of September and its overall production rate on a weekly basis is in excess of an average of 40,000 tonnes a day .",neutral,neutral,0.8174431920051575
"The scheme for TeliaSonera and Altimo is practically identical , except that it involves the merger of their stakes in VimpelCom and Kyivstar .",neutral,neutral,0.9489309191703796
The share subscription period for C options will commence on 1 September 2008 and expire on 31 March 2011 .,neutral,neutral,0.9528342485427856
The share subscription period will expire on 30 September 2007 .,neutral,neutral,0.9452803730964661
The subscription period of Amer Sports ' 2002 warrant scheme will end on 31 December 2007 .,neutral,neutral,0.9138248562812805
The terms and conditions of Stock Option Scheme 2004 are available on the Group 's website .,neutral,neutral,0.9529238939285278
The transaction included also the transfer of the lease agreement concerning manufacturing premises and employment agreements related to these operations .,neutral,neutral,0.9452006220817566
"The utility will also provide services related to electricity management , such as hedging trades and risk management and reporting .",neutral,neutral,0.9259803891181946
"`` I 'm trying to deal with slavery from a different perspective to balance the story , '' says DeRamus , formerly a writer at the Detroit Free Press and the Detroit News .",neutral,neutral,0.8692772388458252
"`` The biggest challenge was to make the piece look raw , '' Hansen said .",neutral,neutral,0.844436526298523
"`` We have a license agreement with Nokia Corp. which in part expires on April 9 , 2007 .",neutral,neutral,0.6654184460639954
A 2001 agreement expired earlier this month .,neutral,negative,0.6340880990028381
"After the split , the company would have 26,885,540 Series A shares and 9,540,000 Series K shares .",neutral,neutral,0.9541286826133728
"Boomeranger Boats Oy specialises in boat building and designs , manufactures and sells customised Rigid Inflatable Boats RIB primarily for the Baltic Sea market .",neutral,neutral,0.937991201877594
Currently the quarterly applied surcharges differ significantly from the actual market prices .,neutral,neutral,0.48837053775787354
Filmiteollisuus Fine Ab will be transferred to Talentum Oyj in the form of a subsidiary .,neutral,neutral,0.9553560614585876
"HELSINKI AFX - Salcomp , the mobile phone charger manufacturer , said it has appointed Markku Hangasjarvi as its new CEO , following the resignation of Mats Eriksson .",neutral,neutral,0.8430417776107788
"HK Ruokatalo produces many turkey products , such as cold cuts .",neutral,neutral,0.9238269329071045
"However , the brokers ' ratings on the stock differ .",neutral,neutral,0.9195078015327454
Mursula said they tried to gather macro-economic perspective to see how Malaysia was doing .,neutral,neutral,0.8487281203269958
Niklas Skogster has been employed by the ABB Group in various positions concerning the development of operations .,neutral,neutral,0.9492559432983398
The beers differ slightly from mainstream beers .,neutral,neutral,0.9048615097999573
"The company operates a U.S. division in Lisle , Ill. .",neutral,neutral,0.9431268572807312
"The deal covers Stockmann Auto Oy Ab 's sales and after-sales services concerning Volkswagen and Audi in Helsinki , Espoo and Vantaa .",neutral,neutral,0.9375424981117249
"The equipment is designated to Bollore Africa Logistics terminal Societe d'Exploitation du Terminal de Vridi SETV in Abidjan , Ivory Coast and the delivery is scheduled to start in March 2010 .",neutral,neutral,0.929387092590332
"The floor area of the Yliopistonrinne project will be 7,900 sq m and the building 's gross area will total 12,800 sq m. A total 25.1 % of the facilities have been let .",neutral,neutral,0.9412854313850403
"The floor area of the Yliopistonrinne project will be 7,900 sq m 85,030 sq ft and the building 's gross area will total 12,800 sq m. A total 25.1 % of the facilities have been let .",neutral,neutral,0.9453752040863037
The measures result from the statutory joint negotiations with employees which started in February and concerned all operations in the country .,neutral,neutral,0.8803161382675171
"The product range includes marinated olives , cold cuts , and pates , for example .",neutral,neutral,0.9281279444694519
The terms and conditions of the year 2003 stock option scheme were published in a stock exchange release on 31 March 2003 .,neutral,neutral,0.9552503228187561
"This action follows personnel negotiations concerning Elcoteq SE , Finnish Branch , Elcoteq Finland Oy and Elcoteq Design Center Oy .",neutral,neutral,0.5467830896377563
"Unbelievably , the company that makes them - Fiskars Corporation - was formed in 1649 when a Dutch merchant named Peter Thorwoste was given a charter to establish a blast furnace and forging operation in the small Finnish village of Fiskars .",neutral,neutral,0.8354025483131409
`` Those uncertainties cloud the long-term outlook . '',negative,negative,0.9132158160209656
"20 October 2010 - Finnish environmental management company Lassila & Tikanoja Oyj HEL : LAT1V , or L&T , said Monday it expects its operating profit , excluding non-recurring items , for the whole 2010 to be slightly lower than in 2009 .",negative,negative,0.9737310409545898
"According to Finnish petrol station chain St1 's managing director Kim Wiio , the company was forced to make purchases with rising prices in the first half of 2008 , and now consumer prices are going down almost daily due to competition .",negative,negative,0.9687585234642029
Finnair said that the cancellation of flights would cause daily losses of  x20ac 2.5 million US$ 3 million .,negative,negative,0.9705364108085632
"Food sales totalled EUR 323.5 mn in October 2009 , representing a decrease of 5.5 % from October 2008 .",negative,negative,0.9670711159706116
"Raute reported a loss per share of EUR0 .86 for the first half of 2009 , against EPS of EUR0 .74 in the corresponding period of 2008 .",negative,negative,0.9729645848274231
The move was triggered by weak demand for forestry equipment and the uncertain market situation .,negative,negative,0.9628159403800964
The situation of coated magazine printing paper will continue to be weak .,negative,negative,0.8810573816299438
"Copper , lead and nickel also dropped ... HBOS ( HBOS ) plummeted 20 % to 70.3 pence after saying this year+ó ??",negative,negative,0.9700416922569275
"During the strike , Finnair estimates to incur a net loss of between EUR2m and EUR2 .5 m per day .",negative,negative,0.9645459651947021
Earnings per share ( EPS ) dropped to EUR 0.21 from EUR 0.31 .,negative,negative,0.9759893417358398
"Finnair 's passenger load factor , which measures the number of sold seats as a share of all available seats , dropped by 1.3 percentage points to 76.7 % in September .",negative,negative,0.9759787917137146
"Frost sold shares for $ 19 million at $ 6.06-7 .12 per share , compared with Friday 's high of $ 11.33 and low of $ 10.14 .",negative,negative,0.9634526968002319
Glaston 's net profit for the third quarter of 2007 dropped to 2.4 mln euro ( $ 3.5 mln ) from 3.5 mln euro ( $ 5.1 mln ) for the corresponding period of 2006 .,negative,negative,0.9765452742576599
L&T 's net profit for the whole 2010 dropped to EUR 36 million from EUR 45 million for 2009 .,negative,negative,0.9763227701187134
"Lassila & Tikanoja 's operating profit excluding non-recurring and imputed items for the second quarter was EUR11 .3 m , down from EUR13 .8 m a year ago .",negative,negative,0.9765326976776123
"Net cash flow from operating activities was a negative EUR 3.1 mn , compared to EUR 23.3 mn in the corresponding period in 2009 .",negative,negative,0.9721766710281372
"Net cash from operating activities was a negative EUR 0.3 mn , compared to EUR 30.9 mn in 2009 .",negative,negative,0.9701269268989563
Net sales dropped by 6 % year-on-year to EUR 11.9 million .,negative,negative,0.976416289806366
Net sales have been eaten by the weak US dollar .,negative,negative,0.9738976359367371
"Nordic banks have already had to write off sizable loans in Latvia , with Swedbank , Nordea , DnB NOR and SEB reporting combined losses in excess of $ 1.35 billion in the period 2007 to 2010 against a backdrop of near economic meltdown in Latvia .",negative,negative,0.9738994836807251
Okmetic expects its net sales for the first half of 2009 to be less than in 2008 .,negative,negative,0.969833493232727
"Operating profit , excluding non-recurring items , totaled EUR 0.2 mn , down from EUR 0.8 mn in the corresponding period in 2006 .",negative,negative,0.9766066670417786
"Operating profit , excluding non-recurring items , totalled EUR 1.0 mn , down from EUR 1.6 mn .",negative,negative,0.9767469763755798
"Operating profit , excluding non-recurring items , totalled EUR 2.2 mn , down from EUR 2.7 mn in the corresponding period in 2008 .",negative,negative,0.9768152236938477
"Operating profit excluding non-recurring items amounted to EUR 40.6 mn , down from EUR 57.3 mn year-on-year .",negative,negative,0.976139485836029
Operating profit excluding non-recurring items was EUR 7.8 million compared to EUR 11.2 million .,negative,negative,0.884190022945404
Relations with the City have been further damaged by comments from Mr Ashley criticising City investors and analysts as `` cry babies '' .,negative,negative,0.9654967188835144
Reported operating margin was a negative 5.9 % .,negative,negative,0.9695491194725037
Swedbank 's shares have been hardest hit of the Swedish banks by the ongoing international financial crisis .,negative,negative,0.9696568250656128
"The currency effect had a 3.0 pct , or 20 mln euro ( $ 31.3 mln ) , negative impact on the revenue .",negative,negative,0.9719398617744446
"The period 's sales dropped to EUR 30.6 million from EUR 38.3 million , according to the interim report , released today .",negative,negative,0.9765568971633911
"Therefore , the company 's 2005 result will remain weaker than that of 2004 .",negative,negative,0.9664496183395386
Vaisala 's net profit for the third quarter of 2007 dropped to 3.0 mln euro ( $ 4.3 mln ) from 6.8 mln euro ( $ 9.8 mln ) for the same period of 2006 .,negative,negative,0.9764428734779358
"`` The implementation of these programs has had , and will have , negative impacts on 2006 and 2007 earnings , '' Mr Meiklejohn said .",negative,negative,0.9689764976501465
A survey conducted by Taloustutkimus for Sampo Life shows that companies are badly prepared to losing key staff members .,negative,negative,0.9663346409797668
"Agricultural newspaper Maaseudun Tulevaisuus had 318,000 readers , representing a decrease of 6 % .",negative,negative,0.9657704830169678
"At 1411 CET , ArcelorMittal had lost 7.26 % to EUR 17.38 on Euronext Paris , coming at the lead of the blue-chip fallers .",negative,negative,0.9751741290092468
Cash flow from operations in January-December 2008 was a negative EUR 18.1 mn compared to EUR 39.0 mn in the corresponding period in 2007 .,negative,negative,0.9746688008308411
EPS dropped to EUR0 .2 from EUR0 .3 .,negative,negative,0.9731701612472534
Kone shares dropped 4.1 percent to  x20ac 43 US$ 55.77 in Helsinki .,negative,negative,0.9713740944862366
"The EU Commission said earlier it had fined ThyssenKrupp , United Technologies Corp 's Otis , Schindler AG and Kone Oyj a total of 992.3 mln eur for alleged cartel activity in the lift market going back twelve years .",negative,negative,0.9515085816383362
"The period 's sales dropped to EUR30 .6 m from EUR38 .3 m , according to the interim report , released today .",negative,negative,0.9764857292175293
"YIT lodged counter claims against Neste Oil totaling some EUR25m , primarily based on work carried out under the contract and additional costs incurred due to prolongation of the project .",negative,negative,0.9682819247245789
"` The stable outlook reflects Nokia 's strong market position in the global mobile handset market , strong cash flow generation , and very conservative balance sheet , ' said Raab .",positive,positive,0.9315211772918701
"These financing arrangements will enable the company to ensure , in line with its treasury policy , that it has sufficient financial instruments at its disposal for its potential capital requirements .",positive,positive,0.8792999982833862
"efficiency improvement measures 20 January 2010 - Finnish stationery and gift retailer Tiimari HEL : TII1V said today that it will continue to improve its operational efficiency , by focusing on its profitable core operations .",positive,positive,0.9547244310379028
Efore 's results for the last quarter showed an even faster improvement as the company managed to better source its components .,positive,positive,0.957239031791687
Technical indicators for the stock are bullish and S&P gives NOK a positive 4 STARS out of 5 buy ranking .,positive,positive,0.9392371773719788
"The restructuring creates a more efficient organization with increased operational focus and stable profitability , and leads to more efficient production , said Bo Annvik , head of Specialty Stainless .",positive,positive,0.9416292905807495
"`` We 're delighted with the move '' says Morna Cowie , co-owner , above , `` it 's double the size of our current shop and has a lovely feel to it . ''",positive,positive,0.8210019469261169
"`` After a long , unprofitable period the Food Division posted a profitable result , which speaks of a healthier cost structure and a new approach in business operations , '' Rihko said .",positive,positive,0.9540295004844666
Earnings per share were higher at 0.48 against 0.37 a year before and ahead of market consensus of 0.40 eur .,positive,positive,0.9575167298316956
"29 September , 2010 Finnish waste management and recycling company Lassila & Tikanoja expands its operations in Russia by introducing its recently completed recycling plant in the city of Dubna near Moscow .",positive,positive,0.9027220606803894
"`` Method and System for Controlling a Hard Disk Drive Using a Multimediacard Physical Interface '' was invented by Marko Ahvenainen Ruutana , Finland .",neutral,neutral,0.9358685612678528
"The 10,000-odd square metre plot that Stockmann has bought for the Nevsky Center shopping center is located on Nevsky Prospect , St Petersburg 's high street , next to the Vosstaniya Square underground station , in the immediate vicinity of Moscow Station .",neutral,neutral,0.9419693350791931
"Typically , the transmission power level can be decreased when the interference noise is above a predefined value .",neutral,negative,0.8496609926223755
"Sukhraj Dulai , of the 2900 block of Boni Sue Court , a cul-de-sac on the city 's north side , started the vehicle and went inside his house about 8 a.m. Tuesday , leaving the garage door open .",neutral,neutral,0.76372891664505
"Typical end-uses include roof structures , floorings , walls and ceilings , non-visible structures in vehicles , packaging and boxes , construction site structures , fencing and shelters , and formwork with a limited number of concrete pourings .",neutral,neutral,0.9499671459197998
"Tallink Silja attributes the significant drop to problems with the booking system that was taken into operation in October , the sale of trailer ferry ` Sky Wind ' and the route between Stockholm and Riga , which has won passengers from the Helsinki-Stockholm route .",negative,negative,0.9744203090667725
"`` Adjustment to the fall in price level , in contrast , has been less effective .",negative,negative,0.941524863243103
17 March 2011 - Goldman Sachs estimates that there are negative prospects for the Norwegian mobile operations of Norway 's Telenor ASA OSL : TEL and Sweden 's TeliaSonera AB STO : TLSN in the short term .,negative,negative,0.9691660404205322
"Based on the first quarter result , existing order backlog and new order prospects , the company expects that full-year sales will contract by 25 % from 2008 , the gross margin will stay at a healthy level , and the operating profit margin will be lower than in 2008 due to lower sales volume .",negative,negative,0.9620760083198547
"Key shareholders of Finnish IT services provider TietoEnator Oyj on Friday rejected a hostile EUR1 .08 billion $ 1.67 billion offer from buyout shop Nordic Capital , giving new life to a possible counter offer from Blackstone Group LP and Norwegian telecom Telenor ASA .",positive,positive,0.7859941124916077
"He answers questions on how many visitors Conversations gets , how big the team is and what the problems are when setting up social media channels .",neutral,neutral,0.9043691158294678
BioTie North-American licensing partner Somaxon Pharmaceuticals started a phase II-III clinical study in patients suffering from pathological gambling and a pilot phase II study in nicotine addiction smoking cessation .,neutral,neutral,0.5062453150749207
"For 24-hour news , try ICIS news www.icis.com Click `` trial '' , then ICIS news",neutral,neutral,0.9487292170524597
He wore a black beanie-type cap and a black jacket .,neutral,neutral,0.8388564586639404
The products have a low salt and fat content .,neutral,neutral,0.90968918800354
Finnair believes the strike will cause it daily net losses in excess of EUR 2mn due to canceled reservations and passenger re-routing .,negative,negative,0.9735915660858154
"HELSINKI Thomson Financial - Shares closed little changed , with Cargotec and Huhtamaki dropping sharply on disappointing second-quarter reports .",negative,negative,0.9743914604187012
"The airline estimated that the cancellation of its flights due to the closure of European airspace , and the process of recommencing traffic , have caused a the company a loss of EUR20m , including the costs of stranded passengers ' accommodation .",negative,negative,0.9712486863136292
Ruukki Group calculates that it has lost EUR 4mn in the failed project .,negative,negative,0.9644400477409363
"Samsung currently occupies third place and lost ground during the quarter , dropping by 1.8 % to an 11.1 % share overall .",negative,negative,0.975635290145874
"The Baltimore Police and Fire Pension , which has about $ 1.5 billion , lost about $ 3.5 million in Madoff Ponzi scheme .",negative,negative,0.8919134140014648
"`` Small firms are suffering at the moment because they are likely to have money trouble , '' he added .",negative,negative,0.9630458354949951
"Dealers said the share was largely hit by investor disappointment about a refining margin of just 9.48 usd per barrel for the quarter and the performance of its shipping unit , which saw EBIT drop to 5 mln eur from 20 mln eur a year amid a fall in volumes and tanker rates .",negative,negative,0.9760549068450928
"Making matters more difficult , the company said it has been grappling with higher oil and gas prices , which have pushed up the cost of energy , raw materials and transportation .",negative,negative,0.9148704409599304
One of the headboxes will be equipped with a modern consistency control system to ensure cross machine profile of the plasterboard .,neutral,neutral,0.7560483813285828
"The result will also be burdened by increased fixed costs associated with operations in China , and restructuring costs in Japan .",negative,negative,0.9669837355613708
"As part of the transaction , M-real and Sappi have also signed a long-term agreement on the supply of pulp and BCTMP and other smaller services and supplies .",positive,positive,0.9232190251350403
"Earlier today , Geberit 's Finnish rival Uponor OYJ cut its full-year sales growth forecast to 6 pct from 10 pct , blaming tough conditions in Germany and the US , as well as currency factors .",negative,negative,0.9734609723091125
"Operating loss totalled EUR 0.9 mn , down from a profit of EUR 2.7 mn .",negative,negative,0.976601243019104
"The group 's operating loss was EUR 0.8 mn , down from a profit of EUR 2.5 mn in 2004 .",negative,negative,0.9768133163452148
"The Finnish national carrier said net loss in April through June was euro26 million , down from a net profit of euro13 million a year earlier .",negative,negative,0.9766526222229004
"It generated an operating loss of EUR 96.3 mn , down from a profit of EUR 43.9 mn .",negative,negative,0.9764291048049927
"Below are consolidated , unaudited results for Amanda Capital under IFRS reporting standards .",neutral,neutral,0.9246992468833923
Below are unaudited consolidated results for Aspocomp Group under IFRS reporting standards .,neutral,neutral,0.9404147863388062
Elcoteq SE is Europe 's largest contract electronics maker and has set up a unit in Bangalore in association with Avista Advisory of Mumbai .,neutral,neutral,0.7457340359687805
"However , two of the previously ordered sets will start producing electricity at the end of October 2010 , it said .",neutral,neutral,0.7985843420028687
- Net sales for the period are expected to fall well below that of last year and the result after non-recurring items is expected to be in the red .,negative,negative,0.9731020927429199
"In Finland , the Bank of +àland reports its operating profit fell to EUR 6.1 mn in the second quarter of 2008 from EUR 7.5 mn in the second quarter of 2007 .",negative,negative,0.9767176508903503
"Budapest , August 10 MTI - Finnish electronics maker Elcoteq will lay off 700 workers at its plants in Pecs S Hungary at the end of September because of falling orders , communications director for Elcoteq 's local unit , Zoltan Krippl told MTI on Monday .",negative,negative,0.9711790680885315
Earnings per share EPS in 2005 decreased to EUR0 .66 from EUR1 .15 in 2004 .,negative,negative,0.9752654433250427
"Finnair 's Tallinn-based subsidiary , Aero AS , carried 23,335 passengers , a decline of 60.8 % , on routes between Helsinki and the Baltic capitals and within Southern Finland .",negative,negative,0.9712947010993958
"ADPnews - Aug 3 , 2009 - Finnish media group Ilkka-Yhtyma Oyj HEL : ILK2S said today its net profit fell 45 % on the year to EUR 5.9 million USD 8.4 m in the first half of 2009 .",negative,negative,0.9748712182044983
Operating profit for 2009 lower than outlook published earlier .,negative,negative,0.9726669788360596
Operating profit for continuing operations fell to EUR 48.3 mn from EUR 72.4 mn in the first half of 2007 .,negative,negative,0.9766149520874023
"Revenue for the quarter totaled 27.4 billion , down 2 percent from 28.1 billion in the fourth quarter in 2008 .",negative,negative,0.9769784808158875
"Sampo Bank 's market share of lending was 13.6 % , down from 14.4 % in the first quarter of 2008 .",negative,negative,0.9742864370346069
Sanoma News ' advertising sales decreased by 22 % during the year .,negative,negative,0.9743121266365051
Finnish Bank of +àland reports its operating profit fell to EUR 4.9 mn in the third quarter of 2007 from EUR 5.6 mn in the third quarter of 2006 .,negative,negative,0.976409912109375
"Finnish Bank of +àland reports operating profit of EUR 2.2 mn in the first quarter of 2010 , down from EUR 6.3 mn in the corresponding period in 2009 .",negative,negative,0.9762188792228699
"Finnish electronics contract manufacturer Scanfil reports net sales of EUR 241.2 mn in 2006 , down from EUR 321.6 mn in 2005 .",negative,negative,0.9760235548019409
"Finnish electronics contract manufacturer Scanfil reports net sales of EUR 58.9 mn in the second quarter of 2007 , down from EUR 62.4 mn a year earlier .",negative,negative,0.9758137464523315
"Finnish Exel Composites , a technology company that designs , manufactures , and markets composite profiles and tubes for various industrial applications , reports its net sales decreased by 0.6 % in the second quarter of 2010 to EUR 19.2 mn from EUR 19.3 mn in the corresponding period in 2009 .",negative,negative,0.9756988286972046
"Finnish GeoSentric 's net sales decreased to EUR 939,000 in January-March 2009 .",negative,negative,0.971401572227478
"Finnish Kemira 's net sales EUR decreased to EUR 1,259.6 mn in January-June 2009 from EUR 1,425.1 mn in January-June 2008 .",negative,negative,0.9740028381347656
"Finnish plumbing and heating systems supplier Uponor 's net sales from continuing operations decreased by 9.4 % in 2008 to EUR 949.2 mn from EUR 1,047.4 mn in 2007 .",negative,negative,0.9755344390869141
"Finnish plumbing and heating systems supplier Uponor 's net sales in continuing business operations decreased to EUR 249.1 mn in July-September 2008 , compared to EUR 262.1 mn in the third quarter of 2007 .",negative,negative,0.9759048819541931
"Finnish Scanfil , a contract manufacturer and systems supplier for communication and industrial electronics reports net sales of EUR 108.7 mn in the first half of 2008 , down from EUR 111.1 mn a year earlier .",negative,negative,0.9757829308509827
"Finnish Scanfil , a systems supplier and contract manufacturer to the communications sector and the electronics industry , reports its net sales totalled EUR 94.7 mn in the first half of 2010 , down from EUR 99.5 mn in the first half of 2009 .",negative,negative,0.9756126999855042
"Finnish shipping company Finnlines , of the Grimaldi Group , reports its net sales decreased to EUR 241.8 mn in January-June 2009 from EUR 384.0 mn in the corresponding period in 2008 .",negative,negative,0.9759185910224915
"Cargo traffic fell 1 % year-on-year to 8,561 tonnes in September 2009 .",negative,negative,0.976452648639679
"Cash flow after investments amounted to EUR45m , down from EUR46m .",negative,negative,0.9758937358856201
"Coca-Cola was the market leader of manufacturers with a market share of 36.9 % , down 2.2 % from the corresponding period in 2004-2005 .",negative,negative,0.9744189381599426
Comparable operating profit decreased to EUR 13.8 mn from EUR 17.1 mn in the corresponding period in 2005 .,negative,negative,0.9758682250976562
Consolidated operating profit from continuing operations decreased by 62.3 % to EUR 51.2 mn from EUR 135.7 mn in 2007 .,negative,negative,0.9762881994247437
Consolidated pretax profit decreased by 69.2 % to EUR 41.0 mn from EUR 133.1 mn in 2007 .,negative,negative,0.9760973453521729
Device volume in the area decreased by 21 % to 2.7 mn units .,negative,negative,0.9748527407646179
Diluted earnings per share ( EPS ) declined to EUR 0.78 from EUR 1.76 .,negative,negative,0.9705180525779724
down to EUR5 .9 m H1 '09 3 August 2009 - Finnish media group Ilkka-Yhtyma Oyj ( HEL : ILK2S ) said today its net profit fell 45 % on the year to EUR5 .9 m in the first half of 2009 .,negative,negative,0.9760183095932007
"Earnings per share ( EPS ) amounted to EUR1 .37 , down from EUR2 .30 .",negative,negative,0.9750217199325562
Earnings per share ( EPS ) in 2005 decreased to EUR1 .87 from EUR1 .89 in 2003 .,negative,negative,0.9755257368087769
"Earnings per share ( EPS ) in the first half of 2007 amounted to EUR0 .29 , down from EUR0 .40 year ago .",negative,negative,0.9762943387031555
Finnair 's total traffic decreased by 8.7 % in terms of revenue passenger kilometres .,negative,negative,0.9756550788879395
Finnish business software group AffectoGenimap Oyj said its net profit halved to 1.2 mln euro ( $ 1.5 mln ) in the first nine months of 2006 from 2.2 mln euro ( $ 2.8 mln ) in the same period of 2005 .,negative,positive,0.7567685842514038
"Finnish financial software solutions developer BasWare Oyj said its net profit fell to 884,000 euro ( $ 1.2 mln ) for the first quarter of 2007 from 2.0 mln euro ( $ 2.7 mln ) a year earlier .",negative,negative,0.976345956325531
Finnish glass technology company Glaston Oyj Abp net profit decreased to 2.6 mln euro ( $ 3.8 mln ) for the first nine months of 2007 from 7.8 mln euro ( $ 11.4 mln ) for the same period of 2006 .,negative,negative,0.97510826587677
"Finnish management software solutions provider Ixonos Oyj net profit decreased to 369,000 euro ( $ 575,000 ) for the first quarter of 2008 from 669,000 euro ( $ 1.0 mln ) for the same period of 2007 .",negative,negative,0.9755157232284546
Finnish media company Talentum Oyj 's net profit decreased to 2.5 mln euro ( $ 4.0 mln ) for the first quarter of 2008 from 3.0 mln euro ( $ 4.7 mln ) for the same period of 2007 .,negative,negative,0.9755643010139465
Finnish metal products company Componenta Oyj net profit went slightly down to 25.1 mln euro ( $ 40.2 mln ) for the first half of 2008 from 25.4 mln euro ( $ 40.7 mln ) for the same period of 2007 .,negative,negative,0.974614143371582
"In a separate announcement to the Helsinki stock exchange , Atria revealed that the company 's third quarter profits declined from EUR13 .9 m in the third quarter of last year to EUR12 .7 m in this year 's Q3 .",negative,negative,0.9740656018257141
"In the fourth quarter of 2008 , net sales decreased to EUR 121.4 mn from EUR 165.5 mn in the fourth quarter of 2007 .",negative,negative,0.9757063388824463
"Insurer Axa ( PAR : CS ) slid by 5.35 % to EUR 14.15 , after Citigroup and ING slashed their targets on the stock .",negative,negative,0.9752639532089233
"( ADP News ) - Feb 11 , 2009 - Finnish wood products technology supplier Raute Oyj ( HEL : RUTAV ) said today its net profit decreased to EUR 4.7 million ( USD 6.1 m ) for 2008 from EUR 6.6 million for 2007 .",negative,negative,0.974524199962616
"( ADP News ) - Feb 12 , 2009 - Finnish construction company Lemminkainen Oyj ( HEL : LEM1S ) said today its net profit decreased to EUR 63.5 million ( USD 81.1 m ) for 2008 from EUR 80.6 million for 2007 .",negative,negative,0.9746427536010742
"( ADP News ) - Feb 4 , 2009 - Finnish broadband data communication systems and solutions company Teleste Oyj ( HEL : TLT1V ) said today its net profit decreased to EUR 5.5 million ( USD 7.2 m ) for 2008 from EUR 9.4 million for 200",negative,negative,0.9752647280693054
"( ADP News ) - Jan 22 , 2009 - Finnish mobile phones maker Nokia Oyj ( OMX : NOK1V ) said today its operating profit decreased to EUR 5 billion ( USD 6.5 bn ) for 2008 from EUR 8 billion for 2007 .",negative,negative,0.9757040739059448
"( ADPnews ) - May 4 , 2010 - Finnish cutlery and hand tools maker Fiskars Oyj Abp ( HEL : FISAS ) said today its net profit declined to EUR 12.9 million ( USD 17m ) in the first quarter of 2010 from EUR 17 million in the correspond",negative,negative,0.9755639433860779
Market share decreased on the route between Helsinki in Finland and Tallinn in Estonia by 0.1 percentage points to 24.8 % .,negative,negative,0.9743717312812805
Net profit fell by almost half to +é 5.5 million from +é 9.4 million at the end of 2007 .,negative,negative,0.9763902425765991
"Net profit in the three months through March 31 fell to (  x20ac ) 103 million ( US$ 165 million ) from (  x20ac ) 131 million a year earlier , the Finnish company said .",negative,negative,0.9761320948600769
Net sales decreased to EUR 220.5 mn from EUR 470.0 mn in the corresponding period in 2009 .,negative,negative,0.975369393825531
Net sales decreased to EUR 91.6 mn from EUR 109mn in the corresponding period in 2005 .,negative,negative,0.9750221371650696
Net sales fell by 33 % from the third quarter of 2008 to EUR 130.5 mn .,negative,negative,0.9764088988304138
Net sales fell by 5 % from the previous accounting period .,negative,negative,0.976175844669342
"Net sales of Kyro 's main business area , Glaston Technologies , a manufacturer of glass processing machines , decreased to EUR 161.5 mn from EUR 164.1 mn in January-September 2005 .",negative,negative,0.9751431941986084
Operating profit fell from EUR 7.9 mn in the second quarter of 2005 to EUR 5.1 mn in the second quarter of 2006 .,negative,negative,0.9759984612464905
Operating profit fell to EUR 15.1 mn from EUR 24.6 mn in 2006 .,negative,negative,0.9765623211860657
Operating profit fell to EUR 23.26 mn from EUR 32.86 mn .,negative,negative,0.9760815501213074
Operating profit fell to EUR 38.1 mn from EUR 55.3 mn in 2007 .,negative,negative,0.9765215516090393
Operating profit fell to EUR 6.2 mn from EUR 8.5 mn in the third quarter of 2007 .,negative,negative,0.9764911532402039
Orion 's net profit for the third quarter of 2007 decreased to 36.5 mln euro ( $ 52.1 mln ) from 40.3 mln euro ( $ 57.5 mln ) a year earlier .,negative,negative,0.9756894111633301
Pretax profit decreased by 37 % to EUR 193.1 mn from EUR 305.6 mn .,negative,negative,0.9749769568443298
Pretax profit decreased to EUR 33.8 mn from EUR 40.8 mn in the fourth quarter of 2005 .,negative,negative,0.9760974645614624
"Pretax profit totaled EUR 9.0 mn , down from EUR 36.3 mn in 2007 .",negative,negative,0.9767041206359863
Prices and delivery volumes of broadband products decreased significantly in 2005 .,negative,negative,0.9693298935890198
"Profit for the period totalled EUR 0.8 mn , down from EUR 1.1 mn in the corresponding period in 2008 .",negative,negative,0.9762541055679321
"Profit for the period totalled EUR 1.1 mn , down from EUR 1.6 mn in the third quarter of 2008 .",negative,negative,0.9766974449157715
Revenue in the quarter fell 8 percent to ( EURO ) 2.4 billion compared to a year earlier .,negative,negative,0.9773287177085876
SRV lowered its net sales estimate for the whole of 2008 due to uncertainties in housing sales .,negative,negative,0.9710935354232788
Stora Enso Oyj said its second-quarter result would fall by half compared with the same period in 2007 .,negative,negative,0.9762749075889587
Subscription sales decreased slightly .,negative,negative,0.9613590836524963
The company confirmed its estimate for lower revenue for the whole 2009 than the year-ago EUR93 .9 m as given in the interim report on 5 August 2009 .,negative,negative,0.9721561670303345
The Department Store Division 's sales fell by 8.6 % to EUR 140.2 mn .,negative,negative,0.9758283495903015
The fair value of the company 's investment properties went down to EUR 2.768 billion at the end of 2009 from EUR 2.916 billion a year earlier .,negative,negative,0.9739954471588135
The fair value of the company 's investment properties went down to EUR2 .769 bn at the end of September 2009 from EUR2 .878 bn a year earlier .,negative,negative,0.9724980592727661
The Group 's order portfolio decreased from EUR 42.9 mn in 9-2007 to EUR 33.3 mn in 2-2008 .,negative,negative,0.9756363034248352
The net sales decreased to EUR 49.8 million from EUR 59.9 million .,negative,negative,0.9732292294502258
The sales of the Tiimari segment fell by 4.0 % year-on-year to EUR3 .3 m in June 2010 .,negative,negative,0.9756942987442017
"Finnish electronics contract manufacturer Scanfil had net sales of EUR 52.2 mn in the first quarter of 2007 , down from EUR 60.1 mn a year before .",negative,negative,0.976184606552124
"Alma Media 's operating profit amounted to EUR 11.9 mn , down from EUR 15.0 mn a year earlier .",negative,negative,0.9760698676109314
"Commission income decreased to EUR 3.8 mn , compared to EUR 4.6 mn in the third quarter of 2007 .",negative,negative,0.9759981036186218
Commission income fell to EUR 4.6 mn from EUR 5.1 mn in the corresponding period in 2007 .,negative,negative,0.975927472114563
Export declined by 6 percent to 16.4 million liters .,negative,negative,0.9731909036636353
"Exports of goods fell by 59 % , and imports by 16.7 % .",negative,negative,0.9698953032493591
Finnish developer and manufacturer of mobile phone chargers Salcomp Plc OMX Helsinki : SAL1V on Wednesday 19 November lowered its full-year net sales estimate .,negative,negative,0.9695081114768982
Finnish investment group Norvestia Oyj said its net profit fell to 23.5 mln euro $ 30.6 mln in 2006 from 33.5 mln euro $ 43.6 mln in 2005 .,negative,negative,0.9758466482162476
"Group EBIT for the first half was EUR13 .6 m US$ 17.8 m , falling short of the EUR22 .5 m it posted for the same period of 2009 .",negative,negative,0.9719744324684143
"However , the company saw its net profit for the third quarter down to EUR 1.4 million from EUR 1.5 million for the corresponding period of 2009 .",negative,negative,0.9738117456436157
"However , the company saw its net profit for the third quarter down to EUR1 .4 m from EUR1 .5 m for the corresponding period of 2009 .",negative,negative,0.9742403626441956
"However , the net sales declined to EUR 803.6 million from EUR 1.2 billion .",negative,negative,0.9749944806098938
"In food trade , sales amounted to EUR320 .1 m , a decline of 1.1 % .",negative,negative,0.9719226360321045
"In January-November 2009 , the group 's sales totalled EUR 7,801.7 mn , which was a drop of 12.6 % from the same period of 2008 .",negative,negative,0.9761853814125061
"In July-September 2009 , Konecranes ' sales decreased to EUR 368.7 mn from EUR 520.4 mn in July-September 2008 .",negative,negative,0.9751690626144409
"In sales volume , Coca-Cola 's market share has decreased by 2.2 % to 24.2 % .",negative,negative,0.9724393486976624
"In September alone , the market declined by 10.2 percent year-on-year to 19.28 million liters .",negative,negative,0.9757271409034729
"In the Baltic countries , sales fell by 40.2 % , and in Russia , by 23.2 % in terms of euros , and by 10.7 % in terms of local currency .",negative,negative,0.9755879044532776
"In the Baltic countries , sales fell by 42.6 % .",negative,negative,0.9755206108093262
"Nokia shares hit 13.21 euros on Friday , down 50 percent from the start of the year in part because of the slow introduction of touch-screen models .",negative,negative,0.9762543439865112
Operating profit decreased to EUR 11.2 mn from EUR 16.6 mn .,negative,negative,0.9749720692634583
"Operating profit decreased to nearly EUR 1.7 mn , however .",negative,negative,0.9746065139770508
Operating profit fell to EUR 20.3 mn from EUR 74.2 mn in the second quarter of 2008 .,negative,negative,0.9765557646751404
Operating profit in the fourth quarter fell to EUR33m from EUR39m a year earlier .,negative,negative,0.9765561819076538
"Operating profit totaled EUR 3.8 mn , down from EUR 4.5 mn in the corresponding period in 2005 .",negative,negative,0.9768009185791016
"Operating profit totaled EUR 6.7 mn , down from EUR 7.2 mn in the corresponding period in 2005 .",negative,negative,0.9770232439041138
"Operating profit totaled EUR 9.4 mn , down from EUR 11.7 mn in 2004 .",negative,negative,0.9769352674484253
"Operating profit totalled EUR 1.22 mn , down from EUR 3.56 mn in the first quarter of 2008 .",negative,negative,0.9768462777137756
"Operating profit totalled EUR 30.2 mn , down from EUR 43.8 mn a year earlier .",negative,negative,0.976323664188385
"Operating profit totalled EUR 9.0 mn , down from EUR 9.7 mn in the first half of 2008 .",negative,negative,0.9768427610397339
"Operating profit totalled EUR 9.6 mn , down from EUR 42.0 mn the year before .",negative,negative,0.9765222072601318
"Operating profit was EUR -0.1 mn , down from EUR 1.3 mn .",negative,negative,0.976264476776123
"Profit for the period was EUR 10.9 mn , down from EUR 14.3 mn in 2009 .",negative,negative,0.9767122864723206
"Revenue was slightly down , at  x20ac 495 million $ 634 million , compared to  x20ac 497 million a year earlier .",negative,negative,0.9748945832252502
Sales by Seppala diminished by 6 per cent .,negative,negative,0.9727591276168823
Talentum 's net sales in September were smaller than expected .,negative,negative,0.9606977105140686
"The company 's profit totaled Ls 578,100 in H1 2007 , down 30.9 % year-on-year .",negative,negative,0.9758013486862183
The company said that sales in the three months to the end of March slid to EUR86 .4 m US$ 113.4 m from EUR91 .2 m last year .,negative,negative,0.9752587080001831
The operating margin came down to 2.4 % from 5.7 % .,negative,negative,0.9734932780265808
The operating margin of Aker Yards Cruise & Ferries division went down from 8.3 % to 6.4 % in the first quarter of 2007 .,negative,negative,0.9757064580917358
The total capital of funds managed by the bank decreased by 28 % to EUR 284mn by the end of September 2008 .,negative,negative,0.9737822413444519
UPM stock fell 3 percent to EURO 12.49 $ 17.24 in early afternoon trading in Helsinki .,negative,negative,0.9749377369880676
"YIT 's Baltic sales in the first three quarters of 2008 totaled 106.2 million euros , representing a drop of 29 percent year on year .",negative,negative,0.9763398170471191
`` I am extremely delighted with this project and the continuation of cooperation with Viking Line .,positive,positive,0.9103408455848694
"- Demand for fireplace products was lower than expected , especially in Germany .",negative,negative,0.9677199721336365
"However , the orders received during the period under review fell by 17 % quarter-on-quarter from the EUR 213 million recorded in the second quarter of 2010 .",negative,negative,0.9758251905441284
"The announcement pushed Freenet shares down 6.3 % , or EUR0 .71 , in Frankfurt trade to EUR10 .65 as investors gave up hope United Internet AG and Drillisch would pursue their own takeover and breakup of Freenet .",negative,negative,0.9731728434562683
"Danske Bank A-S DANSKE DC jumped 3.7 percent to 133.4 kroner , rebounding from yesterday s 3.5 percent slide .",positive,positive,0.951783299446106
"According to the company , in addition to normal seasonal fluctuation the market situation has weakened during autumn 2008 .",negative,negative,0.9570589065551758
"Changes in the market situation and tougher price competition have substantially reduced demand for bread packaging manufactured at the Kauhava plant , according to the company .",negative,negative,0.9662134051322937
"In the building and home improvement trade , sales decreased by 6.3 % , totalling EUR 154.1 mn .",negative,negative,0.9750916361808777
"In the building and home improvement trade , net sales totalled EUR 1,173 mn , down from EUR 1,566 mn a year earlier .",negative,negative,0.9762114882469177
"In the building and home improvement trade , sales decreased by 22.5 % to EUR 201.4 mn .",negative,negative,0.9752172231674194
"Finnish Suominen Corporation that makes wipes , nonwovens , and flexible packaging , expects changes in the market situation to reduce sales of Suominen 's nonwovens and wet wipes from the previously estimated volumes .",negative,negative,0.9655092358589172
The hull of the vessel was built one block at a time and Ruukki delivered the plate material for each block as construction progressed .,neutral,neutral,0.9287605285644531
The net sales of the whole fiscal year 2008 will be lower than in 2007 and operating profit is estimated to be negative .,negative,negative,0.9726866483688354
Sales at the unit slumped last year after the industry was hit by poor snowfall in the major resorts in the winter of 2006-07 .,negative,negative,0.9739890098571777
"The steelmaker said that the drop in profit was explained by the continuing economic uncertainty , mixed with the current drought in bank lending , resulting in a decline in demand for its products as customers find it increasingly difficult to fund operations .",negative,negative,0.9752402305603027
"UPM-Kymmene Corp. , the world 's largest maker of magazine paper , on Tuesday reported a 19-percent profit drop as lower paper prices , higher costs and a strong euro hurt revenue .",negative,negative,0.9763818383216858
"As such , the space has blond wood floors ( unlike the rest of the store ) and a notably Scandinavian vibe .",neutral,neutral,0.7948703169822693
Finnish meat company Atria can no longer promise a sufficient amount of domestic beef to its customers .,negative,neutral,0.7383173108100891
`` Capital expenditure on energy efficiency has unfortunately fallen along with the decline in the economy .,negative,negative,0.9656737446784973
"Due to the rapid decrease in net sales , personnel reductions have been carried out on a wider scale than initially expected .",negative,negative,0.9681777954101562
Finnish waste management and cleaning group Lassila & Tikanoja Oyj ( L&T ) net profit went down to 32.2 mln euro ( $ 47.7 mln ) for 2007 from 35.3 mln euro ( $ 52.3 mln ) for 2006 .,negative,negative,0.9753177165985107
"Qualcomm estimated a first-quarter profit between 46 and 50 cents a share , excluding certain items , below the analyst estimate of 61 cents a share .",negative,negative,0.9701238870620728
"Besides , as there is no depositor preference in Finland , senior debt and deposits rank on a par , which is also taken into consideration , the agency added .",neutral,neutral,0.9149435758590698
"Operating margin , however , slipped to 14.4 % from 15.1 % , dragged down by a poor performance in enterprise solutions .",negative,negative,0.9765880107879639
Mobile communication and wireless broadband provider Nokia Inc NYSE : NOK today set new financial targets and forecasts for Nokia and the mobile device industry and also for Nokia Siemens Networks and the mobile and fixed infrastructure and related services market .,neutral,neutral,0.8040826320648193
"External net sales from the printing business fell by 43.7 % , partly due to the termination of the printing contract between Ilkka-Yhtyma 's printing house I-print Oy and sector player HSS Media AB in December 2009 and the fall in printing prices .",negative,negative,0.9758958220481873
"Seven-month sales of Ragutis , which is controlled by the Finnish brewery Olvi , declined by 11.2 percent , to 15.41 million liters , and the company held 9.89 percent of the market .",negative,negative,0.9740539193153381
"The OMX Helsinki index was down 0.34 pct at 8,256.02 on turnover of 813.191 mln eur .",negative,negative,0.9736167788505554
Repeats sees 2008 operating profit down y-y ( Reporting by Helsinki Newsroom ) Keywords : TECNOMEN-RESULTS,negative,negative,0.9606772661209106
"Comparable operating profit totaled EUR 4.7 mn , down from EUR 5.1 mn in the corresponding period in 2005 , representing 7.4 % of net sales .",negative,negative,0.9767640829086304
"In Finland 's Hobby Hall 's sales decreased by 10 % , and international sales fell by 19 % .",negative,negative,0.9737187027931213
"In the Baltic states the company reports net sales of EUR 11.9 mn , down from EUR 14.2 mn , and an operative EBIT of EUR -2.2 mn , down from EUR -1.7 mn .",negative,negative,0.9758936166763306
"Operating profits in the half were  0.8 m , down from  0.9 m as Glisten invested in the brand and the management team .",negative,negative,0.9765318632125854
"Sales in Finland decreased by 2.0 % , and international sales decreased by 9.3 % in terms of euros , and by 15.1 % in terms of local currencies .",negative,negative,0.9731278419494629
"Operating result for the 12-month period decreased from the profit of EUR0 .4 m while turnover decreased from EUR5 .6 m , as compared to 2004 .",negative,negative,0.9745477437973022
"HELSINKI Thomson Financial - Shares in Cargotec fell sharply in early afternoon trade after the cargo handling group posted a surprise drop in April-June profits , which overshadowed the large number of new orders received during the three months .",negative,negative,0.9755401015281677
LONDON MarketWatch -- Share prices ended lower in London Monday as a rebound in bank stocks failed to offset broader weakness for the FTSE 100 .,negative,negative,0.9700015187263489
"Operating profit fell to EUR 35.4 mn from EUR 68.8 mn in 2007 , including vessel sales gain of EUR 12.3 mn .",negative,negative,0.9767235517501831
"Sales in Finland decreased by 10.5 % in January , while sales outside Finland dropped by 17 % .",negative,negative,0.9744252562522888
